,Player,Pos,Team,Age,Yrs,Dollars,Average,Free Agent
0,Mike Trout (2019-2030),CF,LAA,28,12,"$426,500,000","$35,541,667",2031
1,Bryce Harper (2019-2031),RF,PHI,26,13,"$330,000,000","$25,384,615",2032
2,Giancarlo Stanton (2015-2027),DH,NYY Signed w/MIA,29,13,"$325,000,000","$25,000,000",2029
3,Manny Machado (2019-2028),3B,SD,27,10,"$300,000,000","$30,000,000",2029
4,Nolan Arenado (2019-2026),3B,COL,28,8,"$260,000,000","$32,500,000",2027
5,Miguel Cabrera (2016-2023),1B,DET,36,8,"$248,000,000","$31,000,000",2024
6,Robinson Cano (2014-2023),2B,NYM Signed w/SEA,36,10,"$240,000,000","$24,000,000",2024
7,Albert Pujols (2012-2021),DH,LAA,39,10,"$240,000,000","$24,000,000",2022
8,Joey Votto (2014-2024),1B,CIN,36,10,"$225,000,000","$22,500,000",2025
9,David Price (2016-2022),SP,BOS,34,7,"$217,000,000","$31,000,000",2023
10,Max Scherzer (2015-2021),SP,WSH,35,7,"$210,000,000","$30,000,000",2022
11,Zack Greinke (2016-2021),SP,HOU Signed w/ARI,35,6,"$206,500,000","$34,416,667",2022
12,Jason Heyward (2016-2023),RF,CHC,30,8,"$184,000,000","$23,000,000",2024
13,Felix Hernandez (2013-2019),RP,SEA,33,7,"$175,000,000","$25,000,000",2020
14,Stephen Strasburg (2016-2023),SP,WSH,31,7,"$175,000,000","$25,000,000",2024
15,Jose Altuve (2018-2024),2B,HOU,29,7,"$163,500,000","$23,357,143",2025
16,Chris Davis (2016-2022),1B,BAL,33,7,"$161,000,000","$23,000,000",2023
17,Buster Posey (2013-2022),C,SF,32,8,"$159,000,000","$19,875,000",2023
18,Jon Lester (2015-2021),SP,CHC,35,6,"$155,000,000","$25,833,333",2022
19,Masahiro Tanaka (2014-2020),SP,NYY,30,7,"$155,000,000","$22,142,857",2021
20,Jacoby Ellsbury (2014-2021),CF,NYY,36,7,"$153,000,000","$21,857,143",2022
21,Chris Sale (2019-2024),SP,BOS,30,5,"$145,000,000","$29,000,000",2025
22,Cole Hamels (2013-2019),SP,CHC Signed w/PHI,35,6,"$144,000,000","$24,000,000",2020
23,Eric Hosmer (2018-2025),1B,SD,29,8,"$144,000,000","$18,000,000",2026
24,Patrick Corbin (2019-2024),SP,WSH,30,6,"$140,000,000","$23,333,333",2025
25,Jacob deGrom (2019-2024),SP,NYM,31,5,"$137,500,000","$27,500,000",2025
26,Freddie Freeman (2014-2021),1B,ATL,30,8,"$135,000,000","$16,875,000",2022
27,Shin-Soo Choo (2014-2020),DH,TEX,37,7,"$130,000,000","$18,571,429",2021
28,Johnny Cueto (2016-2022),SP,SF,33,6,"$130,000,000","$21,666,667",2023
29,Paul Goldschmidt (2020-2024),1B,STL,32,5,"$130,000,000","$26,000,000",2025
30,Yu Darvish (2018-2023),SP,CHC,33,6,"$126,000,000","$21,000,000",2024
31,Elvis Andrus (2015-2023),SS,TEX,31,8,"$120,000,000","$15,000,000",2024
32,Xander Bogaerts (2019-2026),SS,BOS,27,6,"$120,000,000","$20,000,000",2027
33,Dustin Pedroia (2014-2021),2B,BOS,36,8,"$110,000,000","$13,750,000",2022
34,Jordan Zimmermann (2016-2020),SP,DET,33,5,"$110,000,000","$22,000,000",2021
35,J.D. Martinez (2018-2022),DH,BOS,32,5,"$110,000,000","$22,000,000",2023
36,Yoenis Cespedes (2017-2020),LF,NYM,33,4,"$110,000,000","$27,500,000",2021
37,Charlie Blackmon (2018-2023),RF,COL,33,6,"$108,000,000","$18,000,000",2024
38,Justin Upton (2018-2022),LF,LAA,32,5,"$106,000,000","$21,200,000",2023
39,Ryan Braun (2011-2021),LF,MIL,35,5,"$105,000,000","$21,000,000",2022
40,Evan Longoria (2016-2022),3B,SF Signed w/TB,33,6,"$100,000,000","$16,666,667",2024
41,Ryan Zimmerman (2014-2020),1B,WSH,35,6,"$100,000,000","$16,666,667",2021
42,Kyle Seager (2015-2022),3B,SEA,31,7,"$100,000,000","$14,285,714",2023
43,Alex Bregman (2019-2024),3B,HOU,25,5,"$100,000,000","$20,000,000",2025
44,Ronald Acuna (2019-2028),LF,ATL,21,8,"$100,000,000","$12,500,000",2029
45,Clayton Kershaw (2019-2021),SP,LAD,31,3,"$93,000,000","$31,000,000",2022
46,Jeff Samardzija (2016-2020),SP,SF,34,5,"$90,000,000","$18,000,000",2021
47,Aroldis Chapman (2017-2021),RP,NYY,31,5,"$86,000,000","$17,200,000",2022
48,Wil Myers (2017-2023),LF,SD,28,6,"$83,000,000","$13,833,333",2024
49,Dexter Fowler (2017-2021),RF,STL,33,5,"$82,500,000","$16,500,000",2022
50,Rick Porcello (2016-2019),SP,BOS,30,4,"$82,500,000","$20,625,000",2020
51,Russell Martin (2015-2019),C,LAD Signed w/TOR,36,5,"$82,000,000","$16,400,000",2020
52,Mike Leake (2016-2020),SP,ARI Signed w/STL,31,5,"$80,000,000","$16,000,000",2021
53,Lorenzo Cain (2018-2022),CF,MIL,33,5,"$80,000,000","$16,000,000",2023
54,Kenley Jansen (2017-2021),RP,LAD,32,5,"$80,000,000","$16,000,000",2022
55,Wei-Yin Chen (2016-2021),RP,MIA,34,5,"$80,000,000","$16,000,000",2022
56,Jake Arrieta (2018-2020),SP,PHI,33,3,"$75,000,000","$25,000,000",2021
57,Brandon Crawford (2016-2021),SS,SF,32,6,"$75,000,000","$12,500,000",2022
58,Brandon Belt (2016-2021),1B,SF,31,5,"$72,800,000","$14,560,000",2022
59,Alex Gordon (2016-2019),CF,KC,35,4,"$72,000,000","$18,000,000",2020
60,Ian Kennedy (2016-2020),RP,KC,34,5,"$70,000,000","$14,000,000",2021
61,Ian Desmond (2017-2022),CF,COL,34,5,"$70,000,000","$14,000,000",2023
62,Jean Segura (2017-2023),SS,PHI Signed w/SEA,29,5,"$70,000,000","$14,000,000",2024
63,Aaron Hicks (2019-2026),CF,NYY,30,7,"$70,000,000","$10,000,000",2027
64,Nathan Eovaldi (2019-2022),SP,BOS,29,4,"$68,000,000","$17,000,000",2023
65,Miles Mikolas (2019-2023),SP,STL,31,4,"$68,000,000","$17,000,000",2024
66,Justin Verlander (2019-2021),SP,HOU,36,2,"$66,000,000","$33,000,000",2022
67,Eugenio Suarez (2018-2025),3B,CIN,28,6,"$66,000,000","$11,000,000",2026
68,Danny Duffy (2017-2021),SP,KC,30,5,"$65,000,000","$13,000,000",2022
69,Justin Turner (2017-2020),3B,LAD,34,4,"$64,000,000","$16,000,000",2021
70,Mark Melancon (2017-2020),RP,ATL Signed w/SF,34,4,"$62,000,000","$15,500,000",2021
71,Starlin Castro (2013-2020),2B,MIA Signed w/CHC,29,7,"$60,000,000","$8,571,429",2021
72,Carlos Santana (2018-2021),DH,CLE Signed w/PHI,33,3,"$60,000,000","$20,000,000",2022
73,A.J. Pollock (2019-2023),CF,LAD,31,5,"$60,000,000","$12,000,000",2024
74,Edwin Encarnacion (2017-2020),DH,NYY Signed w/CLE,36,3,"$60,000,000","$20,000,000",2021
75,Yadier Molina (2017-2020),C,STL,37,3,"$60,000,000","$20,000,000",2021
76,Andrelton Simmons (2014-2020),SS,LAA Signed w/ATL,30,7,"$58,000,000","$8,285,714",2021
77,Alex Cobb (2018-2021),SP,BAL,31,4,"$57,000,000","$14,250,000",2022
78,Ben Zobrist (2016-2019),2B,CHC,38,4,"$56,000,000","$14,000,000",2020
79,Kyle Hendricks (2019-2023),SP,CHC,29,4,"$55,500,000","$13,875,000",2024
80,Kevin Kiermaier (2017-2023),CF,TB,29,6,"$53,500,000","$8,916,667",2024
81,Jason Kipnis (2014-2020),2B,CLE,32,6,"$52,500,000","$8,750,000",2021
82,Salvador Perez (2016-2021),C,KC,29,6,"$52,500,000","$8,750,000",2022
83,Josh Reddick (2017-2020),RF,HOU,32,4,"$52,000,000","$13,000,000",2021
84,Wade Davis (2018-2021),RP,COL,34,3,"$52,000,000","$17,333,333",2022
85,Randal Grichuk (2019-2023),CF,TOR,28,5,"$52,000,000","$10,400,000",2024
86,Carlos Martinez (2017-2023),RP,STL,28,5,"$51,000,000","$10,200,000",2024
87,Andrew McCutchen (2019-2022),RF,PHI,32,3,"$50,000,000","$16,666,667",2023
88,Dee Gordon (2016-2021),2B,SEA Signed w/MIA,31,5,"$50,000,000","$10,000,000",2022
89,Blake Snell (2019-2023),SP,TB,26,5,"$50,000,000","$10,000,000",2024
90,Christian Yelich (2015-2021),LF,MIL Signed w/MIA,27,7,"$49,570,000","$7,081,429",2023
91,Rougned Odor (2017-2023),2B,TEX,25,6,"$49,500,000","$8,250,000",2024
92,Rich Hill (2017-2019),SP,LAD,39,3,"$48,000,000","$16,000,000",2020
93,Yulieski Gurriel (2016-2020),1B,HOU,35,5,"$47,500,000","$9,500,000",2021
94,Carlos Carrasco (2019-2023),SP,CLE,32,4,"$47,000,000","$11,750,000",2024
95,Aaron Nola (2019-2023),SP,PHI,26,4,"$45,000,000","$11,250,000",2024
96,Craig Kimbrel (2019-2022),RP,CHC,31,3,"$43,000,000","$14,333,333",2023
97,German Marquez (2019-2024),SP,COL,24,5,"$43,000,000","$8,600,000",2025
98,Eloy Jimenez (2019-2026),OF,CHW,22,6,"$43,000,000","$7,166,667",2027
99,Yusei Kikuchi (2019-2025),SP,SEA,28,3,"$43,000,000","$14,333,333",2026
100,Anthony Rizzo (2013-2021),1B,CHC,30,7,"$41,000,000","$5,857,143",2022
101,Martin Prado (2016-2019),3B,MIA,35,3,"$40,000,000","$13,333,333",2020
102,Luis Severino (2019-2023),SP,NYY,25,4,"$40,000,000","$10,000,000",2024
103,Jay Bruce (2018-2020),RF,PHI Signed w/NYM,32,3,"$39,000,000","$13,000,000",2021
104,Zack Britton (2019-2022),RP,NYY,31,3,"$39,000,000","$13,000,000",2023
105,Matt Carpenter (2019-2022),1B,STL,33,2,"$39,000,000","$19,500,000",2023
106,Corey Kluber (2015-2019),SP,CLE,33,5,"$38,500,000","$7,700,000",2022
107,Zack Cozart (2018-2020),3B,LAA,34,3,"$38,000,000","$12,666,667",2021
108,Tyler Chatwood (2018-2020),RP,CHC,29,3,"$38,000,000","$12,666,667",2021
109,Mark Trumbo (2017-2019),DH,BAL,33,3,"$37,500,000","$12,500,000",2020
110,Madison Bumgarner (2013-2019),SP,SF,30,5,"$35,000,000","$7,000,000",2020
111,Gregory Polanco (2016-2023),RF,PIT,28,5,"$35,000,000","$7,000,000",2024
112,Max Kepler (2019-2024),CF,MIN,26,5,"$35,000,000","$7,000,000",2025
113,Ozzie Albies (2019-2027),2B,ATL,22,7,"$35,000,000","$5,000,000",2028
114,J.A. Happ (2019-2021),SP,NYY,36,2,"$34,000,000","$17,000,000",2022
115,Khris Davis (2019-2021),DH,OAK,31,2,"$33,500,000","$16,750,000",2022
116,Stephen Piscotty (2017-2023),RF,OAK Signed w/STL,28,6,"$33,500,000","$5,583,333",2024
117,Julio Teheran (2014-2020),SP,ATL,28,6,"$32,400,000","$5,400,000",2021
118,Michael Brantley (2019-2020),LF,HOU,32,2,"$32,000,000","$16,000,000",2021
119,Darren O'Day (2016-2019),RP,ATL Signed w/BAL,36,4,"$31,000,000","$7,750,000",2020
120,Starling Marte (2014-2019),CF,PIT,30,6,"$31,000,000","$5,166,667",2022
121,Jedd Gyorko (2015-2019),3B,LAD Signed w/SD,31,5,"$31,000,000","$6,200,000",2021
122,Ender Inciarte (2017-2022),CF,ATL,28,5,"$30,525,000","$6,105,000",2023
123,Brett Cecil (2017-2020),RP,STL,33,4,"$30,500,000","$7,625,000",2021
124,Sonny Gray (2019-2023),SP,CIN,29,3,"$30,500,000","$10,166,667",2024
125,Odubel Herrera (2017-2023),CF,PHI,27,5,"$30,500,000","$6,100,000",2024
126,Charlie Morton (2019-2021),SP,TB,35,2,"$30,000,000","$15,000,000",2022
127,Lance Lynn (2019-2021),SP,TEX,32,3,"$30,000,000","$10,000,000",2022
128,Jorge Soler (2012-2020),LF,KC Signed w/CHC,27,9,"$30,000,000","$3,333,333",2022
129,Jeurys Familia (2019-2021),RP,NYM,29,3,"$30,000,000","$10,000,000",2022
130,Mike Minor (2018-2020),SP,TEX,31,3,"$28,000,000","$9,333,333",2021
131,Adam Ottavino (2019-2021),RP,NYY,33,3,"$27,000,000","$9,000,000",2022
132,Bryan Shaw (2018-2021),RP,COL,31,3,"$27,000,000","$9,000,000",2022
133,Jake McGee (2018-2021),RP,COL,33,3,"$27,000,000","$9,000,000",2022
134,Jose Quintana (2014-2018),SP,CHC Signed w/CHW,30,5,"$26,500,000","$5,300,000",2021
135,Ivan Nova (2017-2019),SP,CHW Signed w/PIT,32,3,"$26,000,000","$8,666,667",2020
136,Kole Calhoun (2017-2020),RF,LAA,31,3,"$26,000,000","$8,666,667",2021
137,Jose Ramirez (2017-2023),3B,CLE,27,4,"$26,000,000","$6,500,000",2024
138,Paul DeJong (2018-2025),SS,STL,26,6,"$26,000,000","$4,333,333",2026
139,Jorge Polanco (2019-2025),SS,MIN,26,5,"$25,750,000","$5,150,000",2026
140,Chris Archer (2014-2021),SP,PIT Signed w/TB,31,6,"$25,500,000","$4,250,000",2022
141,Kolten Wong (2016-2021),2B,STL,28,5,"$25,500,000","$5,100,000",2022
142,Andrew Miller (2018-2020),RP,STL,34,2,"$25,000,000","$12,500,000",2021
143,Joe Kelly (2019-2022),RP,LAD,31,3,"$25,000,000","$8,333,333",2023
144,Kenta Maeda (2016-2023),SP,LAD,31,8,"$25,000,000","$3,125,000",2024
145,Tim Anderson (2017-2022),SS,CHW,26,6,"$25,000,000","$4,166,667",2025
146,Jason Castro (2017-2019),C,MIN,32,3,"$24,500,000","$8,166,667",2020
147,Raisel Iglesias (2019-2021),RP,CIN,29,3,"$24,125,000","$8,041,667",2022
148,Daniel Murphy (2019-2021),1B,COL,34,2,"$24,000,000","$12,000,000",2022
149,D.J. LeMahieu (2019-2020),2B,NYY,31,2,"$24,000,000","$12,000,000",2021
150,George Springer (2018-2019),CF,HOU,30,2,"$24,000,000","$12,000,000",2021
151,Ketel Marte (2018-2024),CF,ARI,25,5,"$24,000,000","$4,800,000",2025
152,Scott Kingery (2018-2026),SS,PHI,25,6,"$24,000,000","$4,000,000",2027
153,Brandon Lowe (2019-2026),2B,TB,25,6,"$24,000,000","$4,000,000",2027
154,Juan Lagares (2015-2020),CF,NYM,30,5,"$23,553,696","$4,710,739",2021
155,Adam Eaton (2015-2019),RF,WSH Signed w/CHW,30,5,"$23,500,000","$4,700,000",2020
156,David Robertson (2019-2021),RP,PHI,34,2,"$23,000,000","$11,500,000",2022
157,Josh Donaldson (2019-2019),3B,ATL,33,1,"$23,000,000","$23,000,000",2020
158,Yan Gomes (2014-2021),C,WSH Signed w/CLE,32,6,"$23,000,000","$3,833,333",2022
159,Felipe Vazquez (2018-2023),RP,PIT,28,4,"$22,500,000","$5,625,000",2024
160,Lourdes Gurriel Jr. (2017-2023),2B,TOR,25,7,"$22,000,000","$3,142,857",2024
161,Dallas Keuchel (2019-2019),SP,ATL,31,1,"$21,210,000","$21,210,000",2020
162,Brandon Morrow (2018-2020),RP,CHC,35,2,"$21,000,000","$10,500,000",2021
163,Eduardo Escobar (2019-2021),3B,ARI,30,3,"$21,000,000","$7,000,000",2022
164,Marwin Gonzalez (2019-2020),3B,MIN,30,2,"$21,000,000","$10,500,000",2021
165,Jed Lowrie (2019-2020),2B,NYM,35,2,"$20,000,000","$10,000,000",2021
166,Mookie Betts (2019-2019),RF,BOS,26,1,"$20,000,000","$20,000,000",0
167,Brad Hand (2018-2021),RP,CLE Signed w/SD,29,3,"$19,750,000","$6,583,333",2022
168,Anibal Sanchez (2019-2021),SP,WSH,35,2,"$19,000,000","$9,500,000",2022
169,Wilson Ramos (2019-2021),C,NYM,32,2,"$19,000,000","$9,500,000",2022
170,Anthony Rendon (2019-2019),3B,WSH,29,1,"$18,800,000","$18,800,000",2020
171,Yasmani Grandal (2019-2020),C,MIL,30,1,"$18,250,000","$18,250,000",2021
172,Tommy Hunter (2018-2019),RP,PHI,33,2,"$18,000,000","$9,000,000",2020
173,Kelvin Herrera (2019-2021),RP,CHW,29,2,"$18,000,000","$9,000,000",2022
174,Hyun-Jin Ryu (2019-2019),SP,LAD,32,1,"$17,900,000","$17,900,000",2020
175,Ryan Pressly (2019-2022),RP,HOU,30,2,"$17,500,000","$8,750,000",2023
176,Juan Nicasio (2018-2019),RP,PHI Signed w/SEA,33,2,"$17,000,000","$8,500,000",2020
177,Todd Frazier (2018-2019),3B,NYM,33,2,"$17,000,000","$8,500,000",2020
178,Khris Davis (2019-2019),DH,OAK,31,1,"$16,500,000","$16,500,000",2020
179,Pat Neshek (2018-2020),RP,PHI,39,2,"$16,250,000","$8,125,000",2021
180,Whit Merrifield (2019-2023),2B,KC,30,4,"$16,250,000","$4,062,500",2024
181,Jason Vargas (2018-2020),SP,PHI Signed w/NYM,36,2,"$16,000,000","$8,000,000",2021
182,Andrew Cashner (2018-2020),RP,BOS Signed w/BAL,33,2,"$16,000,000","$8,000,000",2021
183,Eric Thames (2017-2020),RF,MIL,32,3,"$16,000,000","$5,333,333",2021
184,Jose Abreu (2019-2019),DH,CHW,32,1,"$16,000,000","$16,000,000",2020
185,Tucker Barnhart (2017-2022),C,CIN,28,4,"$16,000,000","$4,000,000",2023
186,Garrett Richards (2019-2020),SP,SD,31,2,"$15,500,000","$7,750,000",2021
187,Joakim Soria (2019-2020),RP,OAK,35,2,"$15,000,000","$7,500,000",2021
188,Joe Smith (2018-2019),RP,HOU,35,2,"$15,000,000","$7,500,000",2020
189,Welington Castillo (2018-2020),C,CHW,32,2,"$15,000,000","$7,500,000",2021
190,David Bote (2020-2026),3B,CHC,26,5,"$15,000,000","$3,000,000",2027
191,Jose Leclerc (2019-2024),RP,TEX,25,4,"$14,750,000","$3,687,500",2025
192,Nelson Cruz (2019-2020),DH,MIN,39,1,"$14,300,000","$14,300,000",2021
193,Michael Fiers (2019-2020),SP,OAK,34,2,"$14,100,000","$7,050,000",2021
194,Anthony Swarzak (2018-2019),RP,ATL Signed w/NYM,34,2,"$14,000,000","$7,000,000",2020
195,Gerrit Cole (2019-2019),SP,HOU,29,1,"$13,500,000","$13,500,000",2020
196,Christian Vazquez (2018-2022),C,BOS,29,3,"$13,350,000","$4,450,000",2023
197,Steve Cishek (2018-2019),RP,CHC,33,2,"$13,000,000","$6,500,000",2020
198,Mitch Moreland (2018-2019),1B,BOS,34,2,"$13,000,000","$6,500,000",2020
199,Trevor Bauer (2019-2019),SP,CIN Signed w/CLE,28,1,"$13,000,000","$13,000,000",2021
200,Kris Bryant (2019-2019),3B,CHC,27,1,"$12,900,000","$12,900,000",2022
201,Marcell Ozuna (2019-2019),LF,STL,28,1,"$12,250,000","$12,250,000",2020
202,Pedro Strop (2017-2019),RP,CHC,34,2,"$11,850,000","$5,925,000",2020
203,Didi Gregorius (2019-2019),SS,NYY,29,1,"$11,750,000","$11,750,000",2020
204,Chase Anderson (2018-2019),RP,MIL,31,2,"$11,750,000","$5,875,000",2022
205,Francisco Lindor (2019-2019),SS,CLE,25,1,"$10,550,000","$10,550,000",2022
206,Sean Doolittle (2014-2020),RP,WSH Signed w/OAK,33,5,"$10,500,000","$2,100,000",2021
207,Miguel Rojas (2020-2022),SS,MIA,30,2,"$10,250,000","$5,125,000",2023
208,Yusmeiro Petit (2018-2020),RP,OAK,34,2,"$10,000,000","$5,000,000",2021
209,Kurt Suzuki (2019-2020),C,WSH,36,2,"$10,000,000","$5,000,000",2021
210,Brandon Kintzler (2018-2019),RP,CHC Signed w/WSH,35,2,"$10,000,000","$5,000,000",2020
211,Michael Pineda (2018-2019),SP,MIN,30,2,"$10,000,000","$5,000,000",2020
212,Mike Moustakas (2019-2020),3B,MIL,31,1,"$10,000,000","$10,000,000",2021
213,Justin Wilson (2019-2020),RP,NYM,32,2,"$10,000,000","$5,000,000",2021
214,Tanner Roark (2019-2019),SP,OAK Signed w/CIN,32,1,"$10,000,000","$10,000,000",2020
215,Nick Castellanos (2019-2019),RF,CHC Signed w/DET,27,1,"$9,950,000","$9,950,000",2020
216,Yasiel Puig (2019-2019),RF,CLE Signed w/CIN,28,1,"$9,700,000","$9,700,000",2020
217,Alex Wood (2019-2019),SP,CIN,28,1,"$9,650,000","$9,650,000",2020
218,Jake Odorizzi (2019-2019),SP,MIN,29,1,"$9,500,000","$9,500,000",2020
219,Kevin Gausman (2019-2019),RP,CIN Signed w/ATL,28,1,"$9,350,000","$9,350,000",2021
220,Trevor Cahill (2019-2019),RP,LAA,31,1,"$9,000,000","$9,000,000",2020
221,Tony Watson (2018-2020),RP,SF,34,3,"$9,000,000","$3,000,000",2021
222,Brian Dozier (2019-2019),2B,WSH,32,1,"$9,000,000","$9,000,000",2020
223,Roberto Perez (2017-2022),C,CLE,30,4,"$9,000,000","$2,250,000",2023
224,James Paxton (2019-2019),SP,NYY,30,1,"$8,575,000","$8,575,000",0
225,Jackie Bradley Jr. (2019-2019),CF,BOS,29,1,"$8,550,000","$8,550,000",0
226,Justin Smoak (2016-2019),1B,TOR,32,2,"$8,500,000","$4,250,000",2020
227,Hector Rondon (2018-2019),RP,HOU,31,2,"$8,500,000","$4,250,000",2020
228,Corey Dickerson (2019-2019),LF,PHI Signed w/PIT,30,1,"$8,500,000","$8,500,000",2020
229,Alex Avila (2018-2019),C,ARI,32,2,"$8,250,000","$4,125,000",2020
230,Kyle Gibson (2019-2019),SP,MIN,31,1,"$8,125,000","$8,125,000",2020
231,C.C. Sabathia (2019-2019),SP,NYY,39,1,"$8,000,000","$8,000,000",2020
232,Ian Kinsler (2019-2021),2B,SD,37,2,"$8,000,000","$4,000,000",2022
233,Jesse Chavez (2019-2020),RP,TEX,36,2,"$8,000,000","$4,000,000",2021
234,Nate Jones (2016-2021),RP,TEX Signed w/CHW,33,3,"$8,000,000","$2,666,667",2022
235,Cesar Hernandez (2019-2019),2B,PHI,29,1,"$7,750,000","$7,750,000",2021
236,Brett Gardner (2019-2019),LF,NYY,36,1,"$7,500,000","$7,500,000",2020
237,Jarrod Dyson (2018-2019),CF,ARI,35,2,"$7,500,000","$3,750,000",2020
238,Jonathan Schoop (2019-2019),2B,MIN,27,1,"$7,500,000","$7,500,000",2020
239,Marcus Stroman (2019-2019),SP,NYM Signed w/TOR,28,1,"$7,400,000","$7,400,000",2021
240,Alex Colome (2019-2019),RP,CHW,30,1,"$7,325,000","$7,325,000",2021
241,Dellin Betances (2019-2019),RP,NYY,31,1,"$7,250,000","$7,250,000",0
242,Howie Kendrick (2018-2019),2B,WSH,36,2,"$7,000,000","$3,500,000",2020
243,Brian Duensing (2018-2019),RP,CHC,36,2,"$7,000,000","$3,500,000",2020
244,David Peralta (2019-2019),LF,ARI,32,1,"$7,000,000","$7,000,000",0
245,Drew Smyly (2019-2019),SP,PHI,30,1,"$7,000,000","$7,000,000",2020
246,Roberto Osuna (2019-2019),RP,HOU,24,1,"$6,500,000","$6,500,000",0
247,Blake Treinen (2019-2019),RP,OAK,31,1,"$6,400,000","$6,400,000",2021
248,Michael Wacha (2019-2019),SP,STL,28,1,"$6,350,000","$6,350,000",2020
249,Ken Giles (2019-2019),RP,TOR,29,1,"$6,300,000","$6,300,000",2021
250,Jeff Mathis (2019-2020),C,TEX,36,2,"$6,250,000","$3,125,000",2021
251,Steven Pearce (2019-2019),1B,BOS,36,1,"$6,250,000","$6,250,000",2020
252,Robbie Ray (2019-2019),SP,ARI,28,1,"$6,050,000","$6,050,000",2021
253,Nick Markakis (2019-2020),RF,ATL,35,1,"$6,000,000","$6,000,000",2021
254,Tyler Flowers (2019-2020),C,ATL,33,1,"$6,000,000","$6,000,000",2021
255,Noah Syndergaard (2019-2019),SP,NYM,27,1,"$6,000,000","$6,000,000",2022
256,Yoshihisa Hirano (2018-2019),RP,ARI,35,2,"$6,000,000","$3,000,000",0
257,Zack Wheeler (2019-2019),SP,NYM,29,1,"$5,975,000","$5,975,000",2020
258,Marcus Semien (2019-2019),SS,OAK,29,1,"$5,900,000","$5,900,000",2021
259,J.T. Realmuto (2019-2019),C,PHI Signed w/MIA,28,1,"$5,900,000","$5,900,000",2021
260,Collin McHugh (2019-2019),RP,HOU,32,1,"$5,800,000","$5,800,000",2020
261,Kevin Pillar (2019-2019),CF,SF Signed w/TOR,30,1,"$5,800,000","$5,800,000",2021
262,Robinson Chirinos (2019-2019),C,HOU,35,1,"$5,750,000","$5,750,000",2020
263,Tyson Ross (2019-2019),SP,DET,32,1,"$5,750,000","$5,750,000",2020
264,Merrill Kelly (2019-2022),SP,ARI,30,2,"$5,500,000","$2,750,000",0
265,Mike Foltynewicz (2019-2019),SP,ATL,27,1,"$5,475,000","$5,475,000",0
266,Billy Hamilton (2019-2020),CF,ATL Signed w/KC,29,1,"$5,250,000","$5,250,000",2021
267,Fernando Rodney (2019-2019),RP,WSH,42,1,"$5,250,000","$5,250,000",2020
268,Jordy Mercer (2019-2019),SS,DET,33,1,"$5,250,000","$5,250,000",2020
269,Maikel Franco (2019-2019),3B,PHI,27,1,"$5,200,000","$5,200,000",2022
270,Javier Baez (2019-2019),SS,CHC,26,1,"$5,200,000","$5,200,000",0
271,Corey Knebel (2019-2019),RP,MIL,27,1,"$5,125,000","$5,125,000",2022
272,Taijuan Walker (2019-2019),SP,ARI,27,1,"$5,025,000","$5,025,000",0
273,Matt Albers (2018-2019),RP,MIL,36,2,"$5,000,000","$2,500,000",2020
274,Daniel Descalso (2019-2021),2B,CHC,32,2,"$5,000,000","$2,500,000",2022
275,Freddy Galvis (2019-2020),SS,CIN Signed w/TOR,29,1,"$5,000,000","$5,000,000",2021
276,Sam Dyson (2019-2019),RP,MIN Signed w/SF,31,1,"$5,000,000","$5,000,000",2021
277,Carlos Correa (2019-2019),SS,HOU,25,1,"$5,000,000","$5,000,000",0
278,Joc Pederson (2019-2019),LF,LAD,27,1,"$5,000,000","$5,000,000",2021
279,Trevor Story (2019-2019),SS,COL,26,1,"$5,000,000","$5,000,000",2022
280,Jake Lamb (2019-2019),1B,ARI,28,1,"$4,825,000","$4,825,000",0
281,Jonathan Villar (2019-2019),2B,BAL,28,1,"$4,825,000","$4,825,000",0
282,Arodys Vizcaino (2019-2019),RP,SEA Signed w/ATL,28,1,"$4,800,000","$4,800,000",2020
283,C.J. Cron (2019-2019),1B,MIN,29,1,"$4,800,000","$4,800,000",0
284,Travis Shaw (2019-2019),3B,MIL,29,1,"$4,675,000","$4,675,000",2022
285,Yolmer Sanchez (2019-2019),3B,CHW,27,1,"$4,625,000","$4,625,000",2022
286,David Freese (2019-2019),1B,LAD,36,1,"$4,500,000","$4,500,000",2020
287,Craig Stammen (2018-2019),RP,SD,35,2,"$4,500,000","$2,250,000",2020
288,Jared Hughes (2018-2020),RP,PHI Signed w/CIN,34,2,"$4,500,000","$2,250,000",2021
289,Wade Miley (2019-2019),SP,HOU,32,1,"$4,500,000","$4,500,000",2020
290,Danny Salazar (2019-2019),SP,CLE,29,1,"$4,500,000","$4,500,000",0
291,Mike Zunino (2019-2019),C,TB,28,1,"$4,412,500","$4,412,500",2021
292,Eduardo Rodriguez (2019-2019),SP,BOS,26,1,"$4,300,000","$4,300,000",0
293,Wilmer Flores (2019-2020),2B,ARI,28,1,"$4,250,000","$4,250,000",2021
294,Will Smith (2019-2019),RP,SF,30,1,"$4,225,000","$4,225,000",2020
295,Will Harris (2019-2019),RP,HOU,35,1,"$4,225,000","$4,225,000",2020
296,Carlos Rodon (2019-2019),SP,CHW,26,1,"$4,200,000","$4,200,000",2022
297,Eddie Rosario (2019-2019),LF,MIN,28,1,"$4,190,000","$4,190,000",2023
298,Steven Souza (2019-2019),RF,ARI,30,1,"$4,125,000","$4,125,000",0
299,Tommy Pham (2019-2019),CF,TB,31,1,"$4,100,000","$4,100,000",2022
300,Lance McCullers (2019-2019),SP,HOU,26,1,"$4,100,000","$4,100,000",0
301,Michael Conforto (2019-2019),RF,NYM,26,1,"$4,025,000","$4,025,000",2022
302,Jon Jay (2019-2019),RF,CHW,34,1,"$4,000,000","$4,000,000",2020
303,Martin Perez (2019-2020),SP,MIN,28,1,"$4,000,000","$4,000,000",2021
304,Matt Adams (2019-2020),1B,WSH,31,1,"$4,000,000","$4,000,000",2021
305,Chris Martin (2018-2019),RP,ATL Signed w/TEX,33,2,"$4,000,000","$2,000,000",0
306,Shane Greene (2019-2019),RP,ATL Signed w/DET,30,1,"$4,000,000","$4,000,000",2021
307,Corey Seager (2019-2019),SS,LAD,25,1,"$4,000,000","$4,000,000",0
308,Aaron Sanchez (2019-2019),SP,HOU Signed w/TOR,27,1,"$3,900,000","$3,900,000",2021
309,Enrique Hernandez (2019-2019),CF,LAD,28,1,"$3,725,000","$3,725,000",0
310,Trea Turner (2019-2019),SS,WSH,26,1,"$3,725,000","$3,725,000",2023
311,Tyler Skaggs (2019-2019),SP,LAA,28,1,"$3,700,000","$3,700,000",0
312,Jimmy Nelson (2019-2019),RP,MIL,30,1,"$3,700,000","$3,700,000",2021
313,Nick Ahmed (2019-2019),SS,ARI,29,1,"$3,662,500","$3,662,500",0
314,Jurickson Profar (2019-2019),SS,OAK,26,1,"$3,600,000","$3,600,000",2021
315,Brock Holt (2019-2019),2B,BOS,31,1,"$3,575,000","$3,575,000",0
316,Avisail Garcia (2019-2019),RF,TB,28,1,"$3,500,000","$3,500,000",2020
317,Matt Shoemaker (2019-2019),SP,TOR,33,1,"$3,500,000","$3,500,000",0
318,Chris Taylor (2019-2019),2B,LAD,29,1,"$3,500,000","$3,500,000",0
319,Andrew Heaney (2019-2019),SP,LAA,28,1,"$3,400,000","$3,400,000",0
320,Addison Russell (2019-2019),SS,CHC,25,1,"$3,400,000","$3,400,000",0
321,Kyle Schwarber (2019-2019),LF,CHC,26,1,"$3,390,000","$3,390,000",2022
322,Chad Bettis (2019-2019),SP,COL,30,1,"$3,325,000","$3,325,000",0
323,Nomar Mazara (2019-2019),RF,TEX,24,1,"$3,300,000","$3,300,000",2022
324,Michael Taylor (2019-2019),CF,WSH,28,1,"$3,250,000","$3,250,000",0
325,Jose Martinez (2019-2020),1B,STL,31,2,"$3,250,000","$1,625,000",2023
326,Jose Urena (2019-2019),RP,MIA,28,1,"$3,200,000","$3,200,000",0
327,Keone Kela (2019-2019),RP,PIT,26,1,"$3,175,000","$3,175,000",2021
328,Miguel Rojas (2019-2019),SS,MIA,30,1,"$3,155,000","$3,155,000",0
329,Sean Manaea (2019-2019),SP,OAK,27,1,"$3,150,000","$3,150,000",2023
330,Brad Peacock (2019-2019),SP,HOU,31,1,"$3,110,000","$3,110,000",0
331,Kirby Yates (2019-2019),RP,SD,32,1,"$3,062,500","$3,062,500",2021
332,Adam Jones (2019-2019),CF,ARI,34,1,"$3,000,000","$3,000,000",2020
333,Clay Buchholz (2019-2019),SP,TOR,35,1,"$3,000,000","$3,000,000",2020
334,Jon Gray (2019-2019),SP,COL,27,1,"$2,925,000","$2,925,000",0
335,Adam Duvall (2019-2019),RF,ATL,31,1,"$2,875,000","$2,875,000",0
336,Dylan Bundy (2019-2019),SP,BAL,26,1,"$2,800,000","$2,800,000",0
337,Michael Fulmer (2019-2019),SP,DET,26,1,"$2,800,000","$2,800,000",0
338,Jose Peraza (2019-2019),SS,CIN,25,1,"$2,775,000","$2,775,000",0
339,Shawn Kelley (2019-2020),RP,TEX,35,1,"$2,750,000","$2,750,000",2021
340,Wade LeBlanc (2019-2022),RP,SEA,35,1,"$2,750,000","$2,750,000",2023
341,Lonnie Chisenhall (2019-2019),RF,PIT,31,1,"$2,750,000","$2,750,000",2020
342,Jake Diekman (2019-2020),RP,OAK Signed w/KC,32,1,"$2,750,000","$2,750,000",2021
343,Matt Duffy (2019-2019),3B,TB,28,1,"$2,675,000","$2,675,000",2021
344,Tony Cingrani (2019-2019),RP,STL Signed w/LAD,30,1,"$2,650,000","$2,650,000",2020
345,Miguel Sano (2019-2019),3B,MIN,26,1,"$2,650,000","$2,650,000",2022
346,Steven Matz (2019-2019),SP,NYM,28,1,"$2,625,000","$2,625,000",2022
347,Tyler Anderson (2019-2019),SP,COL,29,1,"$2,625,000","$2,625,000",0
348,Matt Boyd (2019-2019),SP,DET,28,1,"$2,600,000","$2,600,000",2023
349,Zach Davies (2019-2019),SP,MIL,26,1,"$2,600,000","$2,600,000",2022
350,Matt Moore (2019-2019),SP,DET,30,1,"$2,500,000","$2,500,000",2020
351,Martin Maldonado (2019-2019),C,HOU Signed w/KC,33,1,"$2,500,000","$2,500,000",2020
352,Dan Otero (2018-2021),RP,CLE,34,2,"$2,500,000","$1,250,000",2022
353,David Phelps (2019-2020),RP,CHC Signed w/TOR,32,1,"$2,500,000","$2,500,000",2021
354,Adam Warren (2019-2020),RP,SD,32,1,"$2,500,000","$2,500,000",2021
355,James McCann (2019-2019),C,CHW,29,1,"$2,500,000","$2,500,000",2021
356,Justin Bour (2019-2019),1B,LAA,31,1,"$2,500,000","$2,500,000",2020
357,Hernan Perez (2019-2019),2B,MIL,28,1,"$2,500,000","$2,500,000",0
358,Oliver Perez (2019-2020),RP,CLE,38,1,"$2,500,000","$2,500,000",2021
359,Sergio Romo (2019-2019),RP,MIN Signed w/MIA,36,1,"$2,500,000","$2,500,000",2020
360,Jose Iglesias (2019-2019),SS,CIN,29,1,"$2,500,000","$2,500,000",0
361,Sandy Leon (2019-2019),C,BOS,30,1,"$2,475,000","$2,475,000",0
362,Mike Montgomery (2019-2019),SP,KC Signed w/CHC,30,1,"$2,440,000","$2,440,000",0
363,Jonny Venters (2019-2019),RP,WSH,34,1,"$2,250,000","$2,250,000",2020
364,Vincent Velasquez (2019-2019),SP,PHI,27,1,"$2,249,000","$2,249,000",2022
365,Junior Guerra (2019-2019),RP,MIL,34,1,"$2,225,000","$2,225,000",2023
366,Jake Marisnick (2019-2019),CF,HOU,28,1,"$2,212,500","$2,212,500",0
367,Pablo Sandoval (2017-2020),3B,SF,33,4,"$2,190,000","$547,500",2021
368,Liam Hendriks (2019-2019),RP,OAK,30,1,"$2,150,000","$2,150,000",2021
369,Mychal Givens (2019-2019),RP,BAL,29,1,"$2,150,000","$2,150,000",0
370,Anthony DeSclafani (2019-2019),SP,CIN,29,1,"$2,125,000","$2,125,000",0
371,Pedro Baez (2019-2019),RP,LAD,31,1,"$2,100,000","$2,100,000",0
372,Austin Hedges (2019-2019),C,SD,27,1,"$2,060,000","$2,060,000",2023
373,Jordan Lyles (2019-2019),SP,MIL Signed w/PIT,28,1,"$2,050,000","$2,050,000",2020
374,Mark Canha (2019-2019),LF,OAK,30,1,"$2,050,000","$2,050,000",2021
375,Adam Wainwright (2019-2019),SP,STL,38,1,"$2,000,000","$2,000,000",2020
376,Gio Gonzalez (2019-2019),SP,MIL,34,1,"$2,000,000","$2,000,000",2020
377,Neil Walker (2019-2019),2B,MIA,34,1,"$2,000,000","$2,000,000",2020
378,Logan Forsythe (2019-2019),2B,TEX,32,1,"$2,000,000","$2,000,000",2020
379,Robbie Grossman (2019-2019),OF,OAK,30,1,"$2,000,000","$2,000,000",2021
380,Derek Dietrich (2019-2019),2B,CIN,30,1,"$2,000,000","$2,000,000",0
381,Aledmys Diaz (2019-2019),SS,HOU,29,1,"$2,000,000","$2,000,000",0
382,Brian McCann (2019-2019),C,ATL,35,1,"$2,000,000","$2,000,000",2020
383,Edinson Volquez (2019-2019),RP,TEX,36,1,"$2,000,000","$2,000,000",2020
384,Hunter Pence (2019-2019),RF,TEX,36,1,"$2,000,000","$2,000,000",2020
385,Michael Lorenzen (2019-2019),RP,CIN,27,1,"$1,950,000","$1,950,000",0
386,Devon Travis (2019-2019),2B,TOR,28,1,"$1,950,000","$1,950,000",2022
387,Domingo Santana (2019-2019),RF,SEA,27,1,"$1,950,000","$1,950,000",2022
388,Andrew Chafin (2019-2019),RP,ARI,29,1,"$1,945,000","$1,945,000",0
389,Jose Alvarez (2019-2019),RP,PHI,30,1,"$1,925,000","$1,925,000",2021
390,Marco Gonzales (2019-2020),SP,SEA,27,2,"$1,900,000","$950,000",2024
391,Archie Bradley (2019-2019),RP,ARI,27,1,"$1,830,000","$1,830,000",0
392,Francisco Liriano (2019-2019),RP,PIT,35,1,"$1,800,000","$1,800,000",2020
393,Austin Romine (2019-2019),C,NYY,30,1,"$1,800,000","$1,800,000",2020
394,Hector Neris (2019-2019),RP,PHI,30,1,"$1,800,000","$1,800,000",2022
395,Bartolo Colon (2018-2018),SP,TEX,46,1,"$1,750,000","$1,750,000",2019
396,Curtis Granderson (2019-2019),LF,MIA,38,1,"$1,750,000","$1,750,000",2020
397,Manuel Pina (2019-2019),C,MIL,32,1,"$1,750,000","$1,750,000",2022
398,Tim Beckham (2019-2019),3B,SEA,29,1,"$1,750,000","$1,750,000",2021
399,Cam Bedrosian (2019-2019),RP,LAA,28,1,"$1,750,000","$1,750,000",0
400,Byron Buxton (2019-2019),CF,MIN,25,1,"$1,750,000","$1,750,000",2023
401,Kyle Barraclough (2019-2019),RP,SF Signed w/WSH,29,1,"$1,725,000","$1,725,000",2022
402,Luis Garcia (2019-2019),RP,LAA,32,1,"$1,675,000","$1,675,000",0
403,Luis Avilan (2019-2019),RP,NYM,30,1,"$1,600,000","$1,600,000",2020
404,Matt Barnes (2019-2019),RP,BOS,29,1,"$1,600,000","$1,600,000",0
405,Leury Garcia (2019-2019),CF,CHW,28,1,"$1,550,000","$1,550,000",2021
406,Ryan Tepera (2019-2019),RP,TOR,31,1,"$1,525,000","$1,525,000",2022
407,Taylor Rogers (2019-2019),RP,MIN,28,1,"$1,525,000","$1,525,000",2023
408,Chris Devenski (2019-2020),RP,HOU,28,1,"$1,525,000","$1,525,000",0
409,C.J. Edwards (2019-2019),RP,SD Signed w/CHC,28,1,"$1,500,000","$1,500,000",0
410,Brett Anderson (2019-2019),SP,OAK,31,1,"$1,500,000","$1,500,000",2020
411,Daniel Hudson (2019-2019),RP,WSH Signed w/TOR,32,1,"$1,500,000","$1,500,000",2020
412,Matt Wieters (2019-2019),C,STL,33,1,"$1,500,000","$1,500,000",2020
413,Jerry Blevins (2019-2019),RP,ATL Signed w/OAK,36,1,"$1,500,000","$1,500,000",2020
414,Tyler Clippard (2019-2019),RP,CLE,34,1,"$1,500,000","$1,500,000",2020
415,Drew Pomeranz (2019-2019),RP,MIL Signed w/SF,30,1,"$1,500,000","$1,500,000",2020
416,Robbie Erlin (2019-2019),RP,SD,28,1,"$1,450,000","$1,450,000",2021
417,T.J. McFarland (2019-2020),RP,ARI,30,1,"$1,450,000","$1,450,000",2021
418,Cory Gearrin (2019-2019),RP,NYY Signed w/SEA,33,1,"$1,400,000","$1,400,000",2020
419,Aaron Loup (2019-2020),RP,SD,31,1,"$1,400,000","$1,400,000",2021
420,Hansel Robles (2019-2019),RP,LAA,29,1,"$1,400,000","$1,400,000",0
421,Ryan Buchter (2019-2019),RP,OAK,32,1,"$1,400,000","$1,400,000",2022
422,Delino DeShields (2019-2019),CF,TEX,27,1,"$1,400,000","$1,400,000",2022
423,Charlie Culberson (2019-2019),2B,ATL,30,1,"$1,395,000","$1,395,000",0
424,Tommy Kahnle (2019-2019),RP,NYY,30,1,"$1,387,500","$1,387,500",2022
425,Steven Wright (2019-2019),RP,BOS,35,1,"$1,375,000","$1,375,000",0
426,Aaron Altherr (2019-2019),RF,NYM Signed w/PHI,28,1,"$1,350,000","$1,350,000",2022
427,Tommy La Stella (2019-2019),2B,LAA,30,1,"$1,350,000","$1,350,000",0
428,Heath Hembree (2019-2019),RP,BOS,30,1,"$1,312,500","$1,312,500",0
429,Jeremy Hellickson (2019-2019),RP,WSH,32,1,"$1,300,000","$1,300,000",2020
430,Ehire Adrianza (2019-2019),SS,MIN,30,1,"$1,300,000","$1,300,000",2021
431,Hunter Strickland (2019-2019),RP,WSH Signed w/SEA,31,1,"$1,300,000","$1,300,000",2022
432,Scott Oberg (2019-2019),RP,COL,29,1,"$1,300,000","$1,300,000",0
433,Brandon Drury (2019-2019),3B,TOR,27,1,"$1,300,000","$1,300,000",2023
434,Blaine Hardy (2019-2019),RP,DET,32,1,"$1,300,000","$1,300,000",0
435,Chaz Roe (2019-2019),RP,TB,32,1,"$1,275,000","$1,275,000",2022
436,Alexander Claudio (2019-2019),RP,MIL,27,1,"$1,275,000","$1,275,000",2022
437,Daniel Norris (2019-2019),RP,DET,26,1,"$1,275,000","$1,275,000",0
438,Dominic Leone (2019-2019),RP,STL,27,1,"$1,260,000","$1,260,000",0
439,Bryan Holaday (2019-2019),C,MIA,31,1,"$1,250,000","$1,250,000",0
440,Cory Spangenberg (2019-2019),2B,MIL,28,1,"$1,200,000","$1,200,000",0
441,Greg Bird (2019-2019),1B,NYY,26,1,"$1,200,000","$1,200,000",2022
442,Travis Jankowski (2019-2019),RF,SD,28,1,"$1,165,000","$1,165,000",0
443,Melky Cabrera (2019-2019),LF,PIT,35,1,"$1,150,000","$1,150,000",2020
444,Brandon Workman (2019-2019),RP,BOS,31,1,"$1,150,000","$1,150,000",0
445,Kevin Plawecki (2019-2019),C,CLE,28,1,"$1,137,500","$1,137,500",0
446,Adam Conley (2019-2019),RP,MIA,29,1,"$1,125,000","$1,125,000",0
447,Adam Morgan (2019-2019),RP,PHI,29,1,"$1,100,000","$1,100,000",2022
448,Caleb Joseph (2019-2019),C,ARI,33,1,"$1,100,000","$1,100,000",0
449,Josh Phegley (2019-2019),C,OAK,31,1,"$1,075,000","$1,075,000",2021
450,Joe Ross (2019-2019),SP,WSH,26,1,"$1,000,000","$1,000,000",2022
451,Ryan Flaherty (2019-2019),3B,CLE,33,1,"$1,000,000","$1,000,000",2020
452,Gorkys Hernandez (2019-2019),LF,BOS,32,1,"$1,000,000","$1,000,000",0
453,Logan Morrison (2019-2019),DH,PHI,32,1,"$1,000,000","$1,000,000",2020
454,Joaquin Benoit (2018-2018),RP,WSH,42,1,"$1,000,000","$1,000,000",2019
455,Adeiny Hechavarria (2019-2019),SS,ATL,30,1,"$1,000,000","$1,000,000",2020
456,Josh Tomlin (2019-2019),RP,ATL,34,1,"$1,000,000","$1,000,000",2020
457,Matt Joyce (2019-2019),LF,ATL Signed w/SF,35,1,"$1,000,000","$1,000,000",2020
458,Jay Jackson (2019-2019),RP,MIL,31,1,"$1,000,000","$1,000,000",2025
459,Mark Mulder (2014-2014),SP,LAA,42,1,"$1,000,000","$1,000,000",2015
460,Ryan Goins (2019-2019),2B,CHW,31,1,"$975,000","$975,000",2021
461,Tony Wolters (2019-2019),C,COL,27,1,"$960,000","$960,000",0
462,Curt Casali (2019-2019),C,CIN,30,1,"$950,000","$950,000",0
463,Matt Andriese (2019-2019),RP,ARI,30,1,"$920,000","$920,000",0
464,Roenis Elias (2019-2019),RP,WSH Signed w/SEA,31,1,"$910,000","$910,000",2022
465,Greg Garcia (2019-2019),2B,SD,30,1,"$910,000","$910,000",2022
466,Joseph Biagini (2019-2019),RP,HOU Signed w/TOR,29,1,"$900,000","$900,000",2023
467,Xavier Cedeno (2019-2019),RP,CHC,33,1,"$900,000","$900,000",2020
468,Trevor May (2019-2019),RP,MIN,30,1,"$900,000","$900,000",2021
469,John Ryan Murphy (2019-2019),C,ATL Signed w/ARI,28,1,"$900,000","$900,000",0
470,Tyler Saladino (2019-2019),SS,MIL,30,1,"$887,500","$887,500",2022
471,Ryan Dull (2019-2019),RP,TOR Signed w/OAK,30,1,"$860,000","$860,000",2022
472,Cheslor Cuthbert (2019-2019),DH,KC,26,1,"$850,000","$850,000",0
473,Ji-Man Choi (2019-2019),1B,TB,28,1,"$850,000","$850,000",2024
474,Michael Feliz (2019-2019),RP,PIT,26,1,"$850,000","$850,000",2022
475,Jesse Hahn (2019-2019),RP,KC,30,1,"$800,000","$800,000",0
476,Ronald Torreyes (2019-2019),2B,MIN,27,1,"$800,000","$800,000",0
477,Javy Guerra (2019-2019),RP,WSH Signed w/TOR,33,1,"$800,000","$800,000",2022
478,Fernando Abad (2019-2019),RP,SF,33,1,"$800,000","$800,000",2020
479,Hector Noesi (2019-2019),RP,MIA,32,1,"$800,000","$800,000",2020
480,Guillermo Heredia (2019-2019),CF,TB,28,1,"$782,000","$782,000",2023
481,Andrew Benintendi (2019-2019),LF,BOS,25,1,"$717,500","$717,500",0
482,Yimi Garcia (2019-2019),RP,LAD,29,1,"$710,000","$710,000",0
483,Gordon Beckham (2019-2019),2B,DET,33,1,"$700,000","$700,000",2020
484,Josh Hader (2019-2019),RP,MIL,25,1,"$687,600","$687,600",2024
485,Aaron Judge (2019-2019),RF,NYY,27,1,"$684,300","$684,300",2023
486,Willson Contreras (2019-2019),C,CHC,27,1,"$684,000","$684,000",0
487,Nick Goody (2019-2019),RP,CLE,28,1,"$675,000","$675,000",0
488,Niko Goodrum (2019-2019),LF,DET,27,1,"$670,500","$670,500",0
489,Gary Sanchez (2019-2019),C,NYY,26,1,"$669,800","$669,800",2023
490,Allen Webster (2019-2019),SP,CHC,29,1,"$650,000","$650,000",0
491,Richard Rodriguez (2019-2019),RP,PIT,29,1,"$650,000","$650,000",2024
492,Shohei Ohtani (2019-2019),DH,LAA,25,1,"$650,000","$650,000",0
493,Scott Barlow (2019-2019),P,KC,26,1,"$650,000","$650,000",0
494,Cody Anderson (2019-2019),SP,CLE,29,1,"$641,250","$641,250",0
495,Jesus Aguilar (2019-2019),1B,TB Signed w/MIL,29,1,"$637,500","$637,500",2023
496,Jose Berrios (2019-2019),SP,MIN,25,1,"$620,000","$620,000",2023
497,Miguel Andujar (2019-2019),3B,NYY,24,1,"$617,600","$617,600",2024
498,Albert Almora (2019-2019),CF,CHC,25,1,"$615,500","$615,500",0
499,Rafael Devers (2019-2019),3B,BOS,22,1,"$614,500","$614,500",0
500,Edwin Diaz (2019-2019),RP,NYM,25,1,"$607,425","$607,425",2023
501,Joey Gallo (2019-2019),LF,TEX,25,1,"$605,500","$605,500",2023
502,Gleyber Torres (2019-2019),SS,NYY,22,1,"$605,200","$605,200",2025
503,Cody Bellinger (2019-2019),RF,LAD,24,1,"$605,000","$605,000",0
504,Ian Happ (2019-2019),CF,CHC,25,1,"$603,500","$603,500",2024
505,Chad Green (2019-2019),RP,NYY,28,1,"$598,650","$598,650",2023
506,Brandon Nimmo (2019-2019),CF,NYM,26,1,"$598,285","$598,285",2023
507,Nick Pivetta (2019-2019),RP,PHI,26,1,"$598,000","$598,000",2024
508,Jordan Montgomery (2019-2019),SP,NYY,26,1,"$596,600","$596,600",2024
509,Ross Stripling (2019-2019),SP,LAD,29,1,"$595,000","$595,000",0
510,Mike Clevinger (2019-2019),SP,CLE,28,1,"$592,200","$592,200",0
511,Seth Lugo (2019-2019),RP,NYM,29,1,"$591,875","$591,875",2023
512,Max Stassi (2019-2019),C,LAA Signed w/HOU,28,1,"$590,100","$590,100",0
513,Mitch Haniger (2019-2019),RF,SEA,28,1,"$590,100","$590,100",2023
514,Zach Eflin (2019-2019),SP,PHI,25,1,"$590,000","$590,000",2023
515,Jameson Taillon (2019-2019),SP,PIT,27,1,"$587,500","$587,500",2023
516,Josh Bell (2019-2019),1B,PIT,27,1,"$587,000","$587,000",2023
517,Luke Jackson (2019-2019),RP,ATL,28,1,"$585,000","$585,000",0
518,Dansby Swanson (2019-2019),SS,ATL,25,1,"$585,000","$585,000",0
519,Brian Anderson (2019-2019),RF,MIA,26,1,"$585,000","$585,000",0
520,Grant Dayton (2019-2019),RP,ATL,31,1,"$585,000","$585,000",0
521,Adam Frazier (2019-2019),2B,PIT,27,1,"$584,000","$584,000",2023
522,Trevor Williams (2019-2019),SP,PIT,27,1,"$584,000","$584,000",2023
523,Tony Kemp (2019-2019),LF,CHC Signed w/HOU,27,1,"$583,600","$583,600",0
524,Brian Goodwin (2019-2019),RF,LAA Signed w/KC,28,1,"$583,500","$583,500",0
525,Tyler White (2019-2019),1B,LAD Signed w/HOU,28,1,"$582,900","$582,900",0
526,Robert Gsellman (2019-2019),RP,NYM,26,1,"$582,500","$582,500",2023
527,Joe Musgrove (2019-2019),SP,PIT,26,1,"$582,500","$582,500",2023
528,Hunter Renfroe (2019-2019),RF,SD,27,1,"$582,100","$582,100",2024
529,Matthew Strahm (2019-2019),SP,SD,27,1,"$581,700","$581,700",2023
530,Kyle Crick (2019-2019),RP,PIT,26,1,"$581,500","$581,500",2024
531,Edgar Santana (2019-2019),RP,PIT,27,1,"$581,500","$581,500",2024
532,Luke Weaver (2019-2019),SP,ARI,26,1,"$581,300","$581,300",0
533,Omar Narvaez (2019-2019),C,SEA,27,1,"$581,200","$581,200",2023
534,Wilmer Difo (2019-2019),SS,WSH,27,1,"$581,100","$581,100",0
535,Jonathan Holder (2019-2019),RP,NYY,27,1,"$580,300","$580,300",0
536,Matt Chapman (2019-2019),3B,OAK,26,1,"$580,000","$580,000",2024
537,Reynaldo Lopez (2019-2019),SP,CHW,25,1,"$580,000","$580,000",2024
538,Jesse Winker (2019-2019),LF,CIN,26,1,"$580,000","$580,000",0
539,Ryon Healy (2019-2019),1B,SEA,27,1,"$579,800","$579,800",2023
540,Colin Moran (2019-2019),3B,PIT,27,1,"$579,500","$579,500",2024
541,Sam Gaviglio (2019-2019),RP,TOR,29,1,"$579,500","$579,500",2024
542,Luke Maile (2019-2019),C,TOR,28,1,"$579,000","$579,000",2023
543,Luis Cessa (2019-2019),RP,NYY,27,1,"$578,975","$578,975",2024
544,Teoscar Hernandez (2019-2019),LF,TOR,26,1,"$578,600","$578,600",2024
545,Elias Diaz (2019-2019),C,PIT,28,1,"$578,500","$578,500",2023
546,Mallex Smith (2019-2019),LF,SEA,26,1,"$578,400","$578,400",2023
547,Harrison Bader (2019-2019),RF,STL,25,1,"$578,300","$578,300",2024
548,Juan Soto (2019-2019),LF,WSH,20,1,"$578,300","$578,300",2025
549,Kevin McCarthy (2019-2019),RP,KC,27,1,"$578,250","$578,250",0
550,Jake Junis (2019-2019),SP,KC,27,1,"$578,250","$578,250",0
551,Brad Keller (2019-2019),SP,KC,24,1,"$578,175","$578,175",0
552,Hanser Alberto (2019-2019),SS,BAL Signed w/SF,30,1,"$578,000","$578,000",0
553,Chad Kuhl (2019-2019),SP,PIT,27,1,"$578,000","$578,000",2023
554,Domingo German (2019-2019),SP,NYY,27,1,"$577,500","$577,500",2024
555,Ryan Brasier (2019-2019),RP,BOS,32,1,"$577,500","$577,500",0
556,Manuel Margot (2019-2019),CF,SD,25,1,"$577,100","$577,100",2023
557,Erik Gonzalez (2019-2019),2B,PIT,28,1,"$577,000","$577,000",2023
558,Adalberto Mondesi (2019-2019),SS,KC,24,1,"$576,000","$576,000",0
559,Jose Pirela (2019-2019),2B,PHI Signed w/SD,29,1,"$575,500","$575,500",0
560,Trey Mancini (2019-2019),LF,BAL,27,1,"$575,500","$575,500",2023
561,Amed Rosario (2019-2019),SS,NYM,23,1,"$575,500","$575,500",2024
562,Austin Barnes (2019-2019),C,LAD,29,1,"$575,000","$575,000",0
563,A.J. Minter (2019-2019),RP,ATL,26,1,"$575,000","$575,000",0
564,Johan Camargo (2019-2019),3B,ATL,25,1,"$575,000","$575,000",0
565,Nick Williams (2019-2019),RF,PHI,26,1,"$575,000","$575,000",2024
566,Luke Bard (2019-2019),RP,LAA,28,1,"$575,000","$575,000",0
567,Scott Alexander (2019-2019),RP,LAD,30,1,"$575,000","$575,000",0
568,Kendall Graveman (2019-2020),SP,CHC,28,1,"$575,000","$575,000",0
569,Yoan Moncada (2019-2019),2B,CHW,24,1,"$575,000","$575,000",2024
570,Max Muncy (2019-2019),1B,LAD,29,1,"$575,000","$575,000",2023
571,Sean Newcomb (2019-2019),RP,ATL,26,1,"$575,000","$575,000",0
572,Brian Johnson (2019-2019),RP,BOS,28,1,"$575,000","$575,000",0
573,Brandon Brennan (2019-2019),RP,SEA,28,1,"$575,000","$575,000",2025
574,Matt Olson (2019-2019),1B,OAK,25,1,"$575,000","$575,000",2024
575,Mitch Garver (2019-2019),C,MIN,28,1,"$575,000","$575,000",2024
576,Drew Steckenrider (2019-2019),RP,MIA,28,1,"$575,000","$575,000",0
577,Rhys Hoskins (2019-2019),1B,PHI,26,1,"$575,000","$575,000",2024
578,Jesse Biddle (2019-2019),RP,TEX Signed w/ATL,27,1,"$575,000","$575,000",2024
579,Tyler Naquin (2019-2019),RF,CLE,28,1,"$574,800","$574,800",0
580,Silvino Bracho (2019-2019),RP,ARI,27,1,"$574,600","$574,600",0
581,Steven Brault (2019-2019),SP,PIT,27,1,"$574,500","$574,500",2024
582,Edubray Ramos (2019-2019),RP,PHI,26,1,"$573,500","$573,500",2023
583,Jose Osuna (2019-2019),1B,PIT,26,1,"$573,500","$573,500",2024
584,Luke Voit (2019-2019),DH,NYY,28,1,"$573,200","$573,200",2025
585,Tim Hill (2019-2019),RP,KC,29,1,"$573,175","$573,175",0
586,Lucas Giolito (2019-2019),SP,CHW,25,1,"$573,000","$573,000",2024
587,Trevor Hildenberger (2019-2019),RP,MIN,28,1,"$572,500","$572,500",0
588,Jake Cave (2019-2019),RF,MIN,26,1,"$572,500","$572,500",0
589,Kevan Smith (2019-2019),C,LAA,31,1,"$572,500","$572,500",0
590,Richard Bleier (2019-2019),RP,BAL,32,1,"$572,500","$572,500",0
591,Tyler Wade (2019-2019),2B,NYY,24,1,"$572,000","$572,000",2024
592,Keon Broxton (2019-2019),RF,SEA Signed w/NYM,29,1,"$571,765","$571,765",2023
593,John Gant (2019-2019),RP,STL,27,1,"$571,300","$571,300",2023
594,Dylan Covey (2019-2019),SP,CHW,28,1,"$571,000","$571,000",0
595,Adam Engel (2019-2019),CF,CHW,27,1,"$571,000","$571,000",2024
596,Buck Farmer (2019-2019),RP,DET,28,1,"$570,800","$570,800",0
597,Franmil Reyes (2019-2019),RF,CLE Signed w/SD,24,1,"$570,500","$570,500",2025
598,Joe Wendle (2019-2019),2B,TB,29,1,"$570,400","$570,400",2024
599,Daniel Robertson (2019-2019),SS,TB,25,1,"$570,300","$570,300",2024
600,Jorge Alfaro (2019-2019),C,MIA,26,1,"$570,000","$570,000",0
601,Walker Buehler (2019-2019),SP,LAD,25,1,"$570,000","$570,000",0
602,Wandy Peralta (2019-2019),RP,SF Signed w/CIN,28,1,"$570,000","$570,000",0
603,Tyler Mahle (2019-2019),SP,CIN,25,1,"$570,000","$570,000",0
604,Lewis Brinson (2019-2019),CF,MIA,25,1,"$570,000","$570,000",0
605,Matt Wisler (2019-2019),RP,SEA Signed w/CIN,27,1,"$570,000","$570,000",2023
606,Trevor Richards (2019-2019),SP,TB Signed w/MIA,26,1,"$570,000","$570,000",0
607,Joey Rickard (2019-2019),LF,SF Signed w/BAL,28,1,"$570,000","$570,000",0
608,Victor Caratini (2019-2019),C,CHC,26,1,"$569,500","$569,500",0
609,Ronald Guzman (2019-2019),1B,TEX,24,1,"$569,500","$569,500",0
610,Isiah Kiner-Falefa (2019-2019),C,TEX,24,1,"$569,500","$569,500",0
611,John Brebbia (2019-2019),RP,STL,29,1,"$569,300","$569,300",2024
612,Joe Jimenez (2019-2019),RP,DET,24,1,"$569,200","$569,200",0
613,Noe Ramirez (2019-2019),RP,LAA,29,1,"$569,000","$569,000",0
614,Miguel Castro (2019-2019),RP,BAL,24,1,"$569,000","$569,000",0
615,Felix Pena (2019-2019),SP,LAA,29,1,"$569,000","$569,000",0
616,Jace Fry (2019-2019),RP,CHW,26,1,"$569,000","$569,000",2024
617,Dovydas Neverauskas (2019-2019),RP,PIT,26,1,"$569,000","$569,000",0
618,Sam Tuivailala (2019-2019),RP,SEA,26,1,"$568,600","$568,600",2023
619,Hector Velazquez (2019-2019),RP,BOS,30,1,"$568,500","$568,500",0
620,Brent Suter (2019-2019),RP,MIL,30,1,"$568,300","$568,300",2024
621,Tim Mayza (2019-2019),RP,TOR,27,1,"$568,300","$568,300",2025
622,Eric Skoglund (2019-2019),RP,KC,26,1,"$568,175","$568,175",0
623,Jeff McNeil (2019-2019),2B,NYM,27,1,"$567,714","$567,714",2025
624,Ben Gamel (2019-2019),LF,MIL,27,1,"$567,700","$567,700",2023
625,Jacob Barnes (2019-2019),RP,KC Signed w/MIL,29,1,"$567,600","$567,600",0
626,Amir Garrett (2019-2019),RP,CIN,27,1,"$567,500","$567,500",0
627,Trevor Gott (2019-2019),RP,SF,27,1,"$567,500","$567,500",2024
628,Reyes Moronta (2019-2019),RP,SF,26,1,"$567,500","$567,500",2024
629,Chris Stratton (2019-2019),SP,PIT Signed w/SF,29,1,"$567,500","$567,500",2024
630,Drew VerHagen (2019-2019),RP,DET,28,1,"$567,400","$567,400",0
631,Hunter Dozier (2019-2019),3B,KC,28,1,"$567,225","$567,225",0
632,John Hicks (2019-2019),C,DET,30,1,"$567,100","$567,100",0
633,Jacoby Jones (2019-2019),CF,DET,27,1,"$567,100","$567,100",0
634,Daniel Palka (2019-2019),LF,CHW,27,1,"$567,000","$567,000",0
635,Josh James (2019-2019),RP,HOU,26,1,"$566,800","$566,800",0
636,Tyler Glasnow (2019-2019),SP,TB,26,1,"$566,700","$566,700",2024
637,Dinelson Lamet (2019-2019),SP,SD,27,1,"$566,700","$566,700",2024
638,(2019-2019),,HOU,0,1,"$566,600","$566,600",0
639,Daniel Stumpf (2019-2019),RP,DET,28,1,"$566,600","$566,600",0
640,Framber Valdez (2019-2019),RP,HOU,25,1,"$566,600","$566,600",0
641,Oliver Drake (2019-2019),RP,TB,32,1,"$566,100","$566,100",2023
642,Orlando Arcia (2019-2019),SS,MIL,25,1,"$565,700","$565,700",2023
643,Pablo Reyes (2019-2019),LF,PIT,26,1,"$565,500","$565,500",0
644,Ryan Borucki (2019-2019),SP,TOR,25,1,"$565,200","$565,200",2025
645,Joey Lucchesi (2019-2019),SP,SD,26,1,"$565,100","$565,100",2024
646,Dylan Floro (2019-2019),RP,LAD,28,1,"$565,000","$565,000",0
647,Chris Bassitt (2019-2019),SP,OAK,30,1,"$565,000","$565,000",2023
648,Robert Stephenson (2019-2019),RP,CIN,26,1,"$565,000","$565,000",0
649,Tayron Guerrero (2019-2019),RP,MIA,28,1,"$565,000","$565,000",0
650,Julio Urias (2019-2019),RP,LAD,23,1,"$565,000","$565,000",0
651,Chad Pinder (2019-2019),LF,OAK,27,1,"$565,000","$565,000",2023
652,Max Fried (2019-2019),SP,ATL,25,1,"$565,000","$565,000",0
653,Andrew Knapp (2019-2019),C,PHI,27,1,"$565,000","$565,000",2023
654,Dylan Moore (2019-2019),SS,SEA,27,1,"$565,000","$565,000",2025
655,Brock Stewart (2019-2019),RP,TOR Signed w/LAD,28,1,"$565,000","$565,000",0
656,Kyle Wright (2019-2019),SP,ATL,24,1,"$565,000","$565,000",0
657,Chad Sobotka (2019-2019),RP,ATL,26,1,"$565,000","$565,000",0
658,Wes Parsons (2019-2019),RP,COL Signed w/ATL,0,1,"$565,000","$565,000",0
659,Kyle Freeland (2019-2019),SP,COL,26,1,"$565,000","$565,000",0
660,Bryse Wilson (2019-2019),SP,ATL,21,1,"$565,000","$565,000",0
661,Freddy Peralta (2019-2019),RP,MIL,23,1,"$564,600","$564,600",2025
662,Alexander Reyes (2019-2019),RP,STL,25,1,"$564,600","$564,600",0
663,Jordan Luplow (2019-2019),LF,CLE,26,1,"$564,500","$564,500",0
664,Koda Glover (2019-2019),RP,WSH,26,1,"$564,300","$564,300",2023
665,Ryne Stanek (2019-2019),RP,MIA Signed w/TB,28,1,"$564,200","$564,200",2024
666,Marco Hernandez (2019-2019),3B,BOS,27,1,"$564,000","$564,000",0
667,Jacob Stallings (2019-2019),C,PIT,29,1,"$564,000","$564,000",2025
668,Seranthony Dominguez (2019-2019),RP,PHI,24,1,"$564,000","$564,000",2025
669,Tyler O'Neill (2019-2019),OF,STL,24,1,"$564,000","$564,000",2025
670,Taylor Williams (2019-2019),RP,MIL,28,1,"$563,800","$563,800",2024
671,Adam Cimber (2019-2019),RP,CLE,29,1,"$563,800","$563,800",0
672,Mike Mayers (2019-2019),RP,STL,27,1,"$563,700","$563,700",2024
673,Jaime Barria (2019-2019),SP,LAA,23,1,"$563,500","$563,500",0
674,David Hess (2019-2019),RP,BAL,26,1,"$563,500","$563,500",0
675,Pedro Severino (2019-2019),C,BAL Signed w/WSH,26,1,"$563,500","$563,500",0
676,Keynan Middleton (2019-2019),RP,LAA,26,1,"$563,500","$563,500",0
677,Ryan Yarbrough (2019-2019),SP,TB,27,1,"$563,400","$563,400",2024
678,Clint Frazier (2019-2019),OF,NYY,25,1,"$563,300","$563,300",2024
679,Kyle Higashioka (2019-2019),C,NYY,29,1,"$562,900","$562,900",2025
680,Phil Maton (2019-2019),RP,CLE Signed w/SD,26,1,"$562,900","$562,900",0
681,Corbin Burnes (2019-2019),RP,MIL,24,1,"$562,800","$562,800",2025
682,Eric Lauer (2019-2019),SP,SD,24,1,"$562,500","$562,500",2025
683,Wander Suero (2019-2019),RP,WSH,28,1,"$562,500","$562,500",2025
684,Willy Adames (2019-2019),SS,TB,24,1,"$562,400","$562,400",2025
685,Chasen Bradford (2019-2019),RP,SEA,30,1,"$562,300","$562,300",2024
686,Jorge Lopez (2019-2019),SP,KC,26,1,"$562,250","$562,250",0
687,Jack Flaherty (2019-2019),SP,STL,23,1,"$562,100","$562,100",2024
688,Richard Urena (2019-2019),SS,TOR,23,1,"$562,000","$562,000",0
689,Renato Nunez (2019-2019),3B,BAL,25,1,"$562,000","$562,000",0
690,Yairo Munoz (2019-2019),SS,STL,24,1,"$562,000","$562,000",2025
691,Yonny Chirinos (2019-2019),SP,TB,25,1,"$561,800","$561,800",2025
692,Diego Castillo (2019-2019),RP,TB,25,1,"$561,500","$561,500",2025
693,Justin Anderson (2019-2019),RP,LAA,27,1,"$561,500","$561,500",0
694,David Fletcher (2019-2019),2B,LAA,25,1,"$561,500","$561,500",0
695,J.D. Davis (2019-2019),3B,NYM,26,1,"$561,420","$561,420",2025
696,Brandon Woodruff (2019-2019),SP,MIL,26,1,"$561,400","$561,400",2025
697,Dereck Rodriguez (2019-2019),SP,SF,27,1,"$561,250","$561,250",0
698,Bradley Zimmer (2019-2019),CF,CLE,26,1,"$561,200","$561,200",0
699,Tyler Olson (2019-2019),RP,CLE,30,1,"$560,900","$560,900",0
700,Adam Kolarek (2019-2019),RP,LAD Signed w/TB,30,1,"$560,800","$560,800",2025
701,Jonathan Loaisiga (2019-2019),RP,NYY,24,1,"$560,550","$560,550",2025
702,Jake Bauers (2019-2019),1B,CLE,23,1,"$560,400","$560,400",0
703,Greg Allen (2019-2019),CF,CLE,26,1,"$560,400","$560,400",0
704,Wilmer Font (2019-2019),RP,TOR Signed w/TB,29,1,"$560,400","$560,400",2024
705,Jose Castillo (2019-2019),RP,SD,23,1,"$560,300","$560,300",2025
706,Dwight Smith Jr. (2019-2019),RF,BAL Signed w/TOR,26,1,"$560,100","$560,100",0
707,Thomas Pannone (2019-2019),RP,TOR,25,1,"$560,100","$560,100",0
708,Franchy Cordero (2019-2019),OF,SD,25,1,"$560,100","$560,100",2024
709,Aaron Brooks (2019-2019),SP,BAL Signed w/OAK,29,1,"$560,000","$560,000",0
710,Matt Magill (2019-2019),RP,SEA Signed w/MIN,29,1,"$560,000","$560,000",2024
711,Adalberto Mejia (2019-2019),RP,LAA Signed w/MIN,26,1,"$560,000","$560,000",2023
712,Adrian Sanchez (2019-2019),2B,WSH,29,1,"$560,000","$560,000",0
713,Caleb Ferguson (2019-2019),RP,LAD,23,1,"$560,000","$560,000",0
714,Antonio Senzatela (2019-2019),SP,COL,24,1,"$560,000","$560,000",0
715,Frankie Montas (2019-2019),SP,OAK,26,1,"$560,000","$560,000",2024
716,Alex Verdugo (2019-2019),LF,LAD,23,1,"$560,000","$560,000",0
717,Daniel Gossett (2019-2019),SP,OAK,26,1,"$560,000","$560,000",2024
718,Raimel Tapia (2019-2019),CF,COL,25,1,"$560,000","$560,000",0
719,Willians Astudillo (2019-2019),C,MIN,27,1,"$560,000","$560,000",2025
720,David Dahl (2019-2019),LF,COL,25,1,"$560,000","$560,000",0
721,Carson Kelly (2019-2019),C,ARI,25,1,"$560,000","$560,000",0
722,J.T. Riddle (2019-2019),SS,MIA,27,1,"$560,000","$560,000",0
723,Ryan McMahon (2019-2019),2B,COL,24,1,"$560,000","$560,000",0
724,Christian Walker (2019-2019),1B,ARI,28,1,"$559,800","$559,800",0
725,Shane Bieber (2019-2019),SP,CLE,24,1,"$559,600","$559,600",0
726,Billy McKinney (2019-2019),OF,TOR,25,1,"$559,400","$559,400",2025
727,Derek Fisher (2019-2019),RF,TOR Signed w/HOU,26,1,"$559,400","$559,400",0
728,Dominic Smith (2019-2019),1B,NYM,24,1,"$559,320","$559,320",2025
729,Victor Alcantara (2019-2019),RP,DET,26,1,"$559,100","$559,100",0
730,Andrew Stevenson (2019-2019),OF,WSH,25,1,"$559,100","$559,100",0
731,Shawn Armstrong (2019-2019),RP,BAL Signed w/SEA,29,1,"$559,100","$559,100",0
732,Dakota Hudson (2019-2019),SP,STL,25,1,"$559,100","$559,100",2025
733,Manny Banuelos (2019-2019),RP,CHW,28,1,"$559,000","$559,000",2025
734,Nick Burdi (2019-2019),RP,PIT,26,1,"$559,000","$559,000",2024
735,Roman Quinn (2019-2019),CF,PHI,26,1,"$559,000","$559,000",2025
736,Paul Fry (2019-2019),RP,BAL,27,1,"$559,000","$559,000",0
737,Danny Jansen (2019-2019),C,TOR,24,1,"$558,700","$558,700",2025
738,Grayson Greiner (2019-2019),C,DET,26,1,"$558,600","$558,600",0
739,Dan Vogelbach (2019-2019),1B,SEA,26,1,"$558,600","$558,600",2025
740,Rio Ruiz (2019-2019),3B,BAL,25,1,"$558,500","$558,500",0
741,David Freitas (2019-2019),C,MIL Signed w/SEA,30,1,"$558,500","$558,500",0
742,Sam Travis (2019-2019),1B,BOS,26,1,"$558,500","$558,500",0
743,Bobby Wahl (2019-2019),RP,MIL,27,1,"$558,400","$558,400",2024
744,Yandy Diaz (2019-2019),3B,TB,28,1,"$558,400","$558,400",2025
745,Steven Duggar (2019-2019),CF,SF,25,1,"$558,125","$558,125",0
746,Yohander Mendez (2019-2019),RP,TEX,24,1,"$558,000","$558,000",2025
747,Austin Wynns (2019-2019),C,BAL,28,1,"$558,000","$558,000",0
748,Jose De Leon (2019-2019),RP,TB,27,1,"$558,000","$558,000",0
749,Victor Robles (2019-2019),OF,WSH,22,1,"$557,800","$557,800",2025
750,Ryan O'Hearn (2019-2019),1B,KC,26,1,"$557,650","$557,650",0
751,Nick Martini (2019-2019),RF,SD Signed w/OAK,29,1,"$557,500","$557,500",0
752,Alex Blandino (2019-2019),3B,CIN,26,1,"$557,500","$557,500",0
753,J.B. Wendelken (2019-2019),RP,OAK,26,1,"$557,500","$557,500",0
754,Franklin Barreto (2019-2019),SS,OAK,23,1,"$557,500","$557,500",2025
755,Taylor Cole (2019-2019),RP,LAA,30,1,"$557,500","$557,500",0
756,Tom Murphy (2019-2019),C,SEA Signed w/COL,28,1,"$557,500","$557,500",2024
757,Kevin Newman (2019-2019),SS,PIT,26,1,"$557,500","$557,500",2025
758,Drew Smith (2019-2019),RP,NYM,26,1,"$557,500","$557,500",2025
759,Kyle Farmer (2019-2019),C,CIN,29,1,"$557,500","$557,500",0
760,Luis Castillo (2019-2019),SP,CIN,26,1,"$557,500","$557,500",0
761,Ramon Laureano (2019-2019),OF,OAK,25,1,"$557,500","$557,500",2025
762,Lou Trivino (2019-2019),RP,OAK,28,1,"$557,500","$557,500",2025
763,Austin Meadows (2019-2019),CF,TB,24,1,"$557,400","$557,400",2025
764,Stephen Tarpley (2019-2019),RP,NYY,26,1,"$557,250","$557,250",0
765,Ty Buttrey (2019-2019),RP,LAA,26,1,"$557,250","$557,250",0
766,Trey Wingenter (2019-2019),RP,SD,25,1,"$557,200","$557,200",0
767,Cameron Gallagher (2019-2019),C,KC,26,1,"$557,125","$557,125",0
768,Jeffrey Springs (2019-2019),RP,TEX,27,1,"$557,000","$557,000",2025
769,Colten Brewer (2019-2019),RP,BOS,26,1,"$557,000","$557,000",0
770,D.J. Johnson (2019-2019),RP,COL,30,1,"$557,000","$557,000",0
771,Mike Tauchman (2019-2019),CF,NYY Signed w/COL,28,1,"$557,000","$557,000",2025
772,Yoan Lopez (2019-2019),RP,ARI,26,1,"$556,900","$556,900",0
773,Jacob Nix (2019-2019),SP,SD,23,1,"$556,800","$556,800",2025
774,Anthony Banda (2019-2019),RP,TB,26,1,"$556,800","$556,800",2025
775,Chance Adams (2019-2019),SP,NYY,25,1,"$556,725","$556,725",0
776,Michael Perez (2019-2019),C,TB,27,1,"$556,700","$556,700",2025
777,Caleb Smith (2019-2019),SP,MIA,27,1,"$556,500","$556,500",0
778,Jalen Beeks (2019-2019),RP,TB,26,1,"$556,500","$556,500",2025
779,Michael Hermosillo (2019-2019),CF,LAA,24,1,"$556,500","$556,500",0
780,Christin Stewart (2019-2019),LF,DET,25,1,"$556,400","$556,400",0
781,Luis Urias (2019-2019),2B,SD,22,1,"$556,400","$556,400",2025
782,Tomas Nido (2019-2019),C,NYM,25,1,"$556,300","$556,300",2025
783,Francisco Mejia (2019-2019),C,SD,23,1,"$556,300","$556,300",2025
784,Spencer Turnbull (2019-2019),SP,DET,27,1,"$556,100","$556,100",0
785,Ryan Burr (2019-2019),RP,CHW,25,1,"$556,000","$556,000",2025
786,Connor Sadzeck (2019-2019),RP,SEA Signed w/TEX,28,1,"$556,000","$556,000",2025
787,Brett Kennedy (2019-2019),SP,SD,25,1,"$556,000","$556,000",2025
788,Austin Voth (2019-2019),SP,WSH,27,1,"$556,000","$556,000",2025
789,Raudy Read (2019-2019),C,WSH,25,1,"$556,000","$556,000",0
790,Austen Williams (2019-2019),RP,WSH,26,1,"$556,000","$556,000",2025
791,Luis Guillorme (2019-2019),SS,NYM,25,1,"$555,960","$555,960",2025
792,John Means (2019-2019),RP,BAL,26,1,"$555,500","$555,500",0
793,Trevor Oaks (2019-2019),SP,KC,26,1,"$555,350","$555,350",0
794,Justin Williams (2019-2019),OF,STL,24,1,"$555,100","$555,100",0
795,Randy Dobnak (2019-2019),SP,MIN,24,1,"$555,000","$555,000",0
796,Seth Mejias-Brean (2019-2019),3B,SD,28,1,"$555,000","$555,000",0
797,Elvis Luciano (2019-2019),RP,TOR,19,1,"$555,000","$555,000",2025
798,Trevor Kelley (2019-2019),P,BOS,25,1,"$555,000","$555,000",0
799,Kaleb Cowart (2019-2019),DH,LAA,27,1,"$555,000","$555,000",0
800,Brian O'Grady (2019-2019),LF,CIN,27,1,"$555,000","$555,000",0
801,Corban Joseph (2019-2019),1B,PIT Signed w/OAK,30,1,"$555,000","$555,000",0
802,Nick Ramirez (2019-2019),RP,DET,30,1,"$555,000","$555,000",0
803,Tyler Alexander (2019-2019),P,DET,25,1,"$555,000","$555,000",0
804,Fernando Tatis Jr. (2019-2019),SS,SD,20,1,"$555,000","$555,000",2025
805,Tyler Webb (2019-2019),RP,STL,29,1,"$555,000","$555,000",2025
806,Gabe Speier (2019-2019),P,KC,24,1,"$555,000","$555,000",0
807,Eric Hanhold (2019-2019),P,BAL Signed w/NYM,25,1,"$555,000","$555,000",0
808,Michel Baez (2019-2019),SP,SD,0,1,"$555,000","$555,000",0
809,Erick Mejia (2019-2019),2B,KC,24,1,"$555,000","$555,000",0
810,Andrew Velazquez (2019-2019),3B,CLE Signed w/TB,25,1,"$555,000","$555,000",0
811,Ryan McBroom (2019-2019),1B,KC Signed w/NYY,27,1,"$555,000","$555,000",0
812,Zach Green (2019-2019),1B,SF,25,1,"$555,000","$555,000",0
813,Brusdar Graterol (2019-2019),P,MIN,21,1,"$555,000","$555,000",0
814,Nate Lowe (2019-2019),1B,TB,24,1,"$555,000","$555,000",2025
815,Jared Walsh (2019-2019),RP,LAA,26,1,"$555,000","$555,000",0
816,Geoff Hartlieb (2019-2019),P,PIT,25,1,"$555,000","$555,000",0
817,Pete Fairbanks (2019-2019),P,TB Signed w/TEX,25,1,"$555,000","$555,000",0
818,Colin Poche (2019-2019),P,TB,25,1,"$555,000","$555,000",0
819,Phillip Diehl (2019-2019),P,COL,25,1,"$555,000","$555,000",0
820,Michael Brosseau (2019-2019),3B,TB,25,1,"$555,000","$555,000",0
821,Matt Beaty (2019-2019),3B,LAD,26,1,"$555,000","$555,000",0
822,Jose Urquidy (2019-2019),SP,HOU,24,1,"$555,000","$555,000",0
823,Chris Owings (2019-2019),2B,BOS,28,1,"$555,000","$555,000",2020
824,Robel Garcia (2019-2019),2B,CHC,26,1,"$555,000","$555,000",0
825,Ronny Rodriguez (2019-2019),2B,DET,27,1,"$555,000","$555,000",0
826,Conner Menez (2019-2019),P,SF,24,1,"$555,000","$555,000",0
827,Dillon Peters (2019-2019),SP,LAA,27,1,"$555,000","$555,000",0
828,Jose Rodriguez (2019-2019),P,LAA,24,1,"$555,000","$555,000",0
829,Sam Selman (2019-2019),P,SF,28,1,"$555,000","$555,000",0
830,Reggie McClain (2019-2019),P,SEA,26,1,"$555,000","$555,000",0
831,Junior Fernandez (2019-2019),P,STL,22,1,"$555,000","$555,000",0
832,John Schreiber (2019-2019),P,DET,25,1,"$555,000","$555,000",0
833,Michael King (2019-2019),P,NYY,24,1,"$555,000","$555,000",0
834,Nick Margevicius (2019-2019),P,SD,23,1,"$555,000","$555,000",0
835,Randy Arozarena (2019-2019),OF,STL,24,1,"$555,000","$555,000",0
836,Reese McGuire (2019-2019),C,TOR,24,1,"$555,000","$555,000",0
837,Sam Howard (2019-2019),RP,COL,26,1,"$555,000","$555,000",0
838,Eric Yardley (2019-2019),P,SD,29,1,"$555,000","$555,000",0
839,Cy Sneed (2019-2019),P,HOU,27,1,"$555,000","$555,000",0
840,Rico Garcia (2019-2019),P,COL,25,1,"$555,000","$555,000",0
841,Matt Skole (2019-2019),3B,CHW,30,1,"$555,000","$555,000",2025
842,Robert Dugger (2019-2019),P,MIA,24,1,"$555,000","$555,000",0
843,David Bednar (2019-2019),P,SD,24,1,"$555,000","$555,000",0
844,Sam Haggerty (2019-2019),2B,NYM,25,1,"$555,000","$555,000",0
845,Danny Mendick (2019-2019),SS,CHW,26,1,"$555,000","$555,000",0
846,Jaylin Davis (2019-2019),RF,SF,25,1,"$555,000","$555,000",0
847,Tim Federowicz (2019-2019),C,TEX Signed w/CLE,32,1,"$555,000","$555,000",2022
848,Kean Wong (2019-2019),2B,LAA Signed w/TB,24,1,"$555,000","$555,000",0
849,Breyvic Valera (2019-2019),2B,TOR Signed w/SF,27,1,"$555,000","$555,000",0
850,James Marvel (2019-2019),SP1,PIT,26,1,"$555,000","$555,000",0
851,Art Warren (2019-2019),RP,SEA,26,1,"$555,000","$555,000",0
852,Rajai Davis (2019-2019),CF,NYM,38,1,"$555,000","$555,000",2020
853,Josh Rojas (2019-2019),2B,ARI,25,1,"$555,000","$555,000",0
854,Jake Fraley (2019-2019),OF,SEA,24,1,"$555,000","$555,000",0
855,Homer Bailey (2019-2019),SP,OAK Signed w/KC,33,1,"$555,000","$555,000",2020
856,Emmanuel Clase (2019-2019),P,TEX,21,1,"$555,000","$555,000",0
857,Brad Brach (2019-2019),RP,NYM,33,1,"$555,000","$555,000",2020
858,Nick Solak (2019-2019),2B,TEX,24,1,"$555,000","$555,000",0
859,A.J. Puk (2019-2019),P,OAK,24,1,"$555,000","$555,000",0
860,Ildemaro Vargas (2019-2019),2B,ARI,28,1,"$555,000","$555,000",0
861,Sheldon Neuse (2019-2019),SS,OAK,24,1,"$555,000","$555,000",0
862,Cameron Maybin (2019-2019),RF,NYY Signed w/CLE,32,1,"$555,000","$555,000",2020
863,Mitch Keller (2019-2019),SP,PIT,23,1,"$555,000","$555,000",0
864,Luis Perdomo (2019-2019),RP,SD,26,1,"$555,000","$555,000",2023
865,Kris Negron (2019-2019),RF,LAD Signed w/SEA,33,1,"$555,000","$555,000",2024
866,Josh Smith (2019-2019),RP,BOS,32,1,"$555,000","$555,000",0
867,Ryan Feierabend (2019-2019),SP,TOR,34,1,"$555,000","$555,000",2024
868,Dustin May (2019-2019),RP,LAD,22,1,"$555,000","$555,000",0
869,Gerardo Parra (2019-2019),RF,WSH,32,1,"$555,000","$555,000",2020
870,Taylor Guerrieri (2019-2019),RP,TEX,27,1,"$555,000","$555,000",2025
871,Eric Sogard (2019-2019),2B,TB Signed w/TOR,33,1,"$555,000","$555,000",2020
872,Sean Rodriguez (2019-2019),2B,PHI,34,1,"$555,000","$555,000",2020
873,Edwin Jackson (2019-2019),SP,DET,36,1,"$555,000","$555,000",2020
874,Jonathan Lucroy (2019-2019),C,CHC,33,1,"$555,000","$555,000",2020
875,Parker Markel (2019-2019),P,PIT Signed w/SEA,29,1,"$555,000","$555,000",0
876,Tom Milone (2019-2019),SP,SEA,32,1,"$555,000","$555,000",2020
877,Meibrys Viloria (2019-2019),C,KC,22,1,"$555,000","$555,000",0
878,Dustin Garneau (2019-2019),C,OAK Signed w/LAA,32,1,"$555,000","$555,000",2023
879,Jacob Waguespack (2019-2019),SP,TOR,25,1,"$555,000","$555,000",0
880,Rafael Ortego (2019-2019),LF,ATL,28,1,"$555,000","$555,000",2025
881,Darwinzon Hernandez (2019-2019),RP,BOS,22,1,"$555,000","$555,000",0
882,Erik Swanson (2019-2019),RP,SEA,26,1,"$555,000","$555,000",2025
883,Anthony Bass (2019-2019),RP,SEA,31,1,"$555,000","$555,000",2021
884,Zach Plesac (2019-2019),SP,CLE,24,1,"$555,000","$555,000",0
885,Stephen Vogt (2019-2019),C,SF,34,1,"$555,000","$555,000",2020
886,Donovan Solano (2019-2019),2B,SF,31,1,"$555,000","$555,000",2022
887,Travis d'Arnaud (2019-2019),C,TB Signed w/LAD,30,1,"$555,000","$555,000",2020
888,Jonathan Hernandez (2019-2019),P,TEX,23,1,"$555,000","$555,000",0
889,David Hale (2019-2019),RP,NYY,32,1,"$555,000","$555,000",2023
890,Joe Panik (2019-2019),2B,NYM,28,1,"$555,000","$555,000",2020
891,Brock Burke (2019-2019),SP,TEX,23,1,"$555,000","$555,000",0
892,Jake Barrett (2019-2019),RP,NYY Signed w/PIT,28,1,"$555,000","$555,000",2024
893,Mike Freeman (2019-2019),2B,CLE,32,1,"$555,000","$555,000",0
894,Sam Coonrod (2019-2019),RP,SF,27,1,"$555,000","$555,000",0
895,Jeff Brigham (2019-2019),RP,MIA,27,1,"$555,000","$555,000",0
896,Austin Adams (2019-2019),RP,SEA Signed w/WSH,33,1,"$555,000","$555,000",2025
897,Kolby Allard (2019-2019),SP,TEX Signed w/ATL,22,1,"$555,000","$555,000",0
898,Rafael Montero (2019-2019),RP,TEX,28,1,"$555,000","$555,000",2022
899,Asher Wojciechowski (2019-2019),SP,BAL Signed w/CLE,30,1,"$555,000","$555,000",0
900,Rowan Wick (2019-2019),RP,CHC,26,1,"$555,000","$555,000",0
901,Tim Melville (2019-2019),SP,COL,29,1,"$555,000","$555,000",0
902,Erick Fedde (2019-2019),RP,WSH,26,1,"$555,000","$555,000",0
903,Dylan Cease (2019-2019),SP,CHW,23,1,"$555,000","$555,000",0
904,Rowdy Tellez (2019-2019),1B,TOR,24,1,"$555,000","$555,000",0
905,Daniel Santana (2019-2019),2B,TEX,28,1,"$555,000","$555,000",2022
906,Brad Miller (2019-2019),2B,PHI Signed w/NYY,29,1,"$555,000","$555,000",2020
907,Dom Nunez (2019-2019),C,COL,24,1,"$555,000","$555,000",0
908,Marcus Walden (2019-2019),RP,BOS,31,1,"$555,000","$555,000",0
909,Evan Marshall (2019-2019),RP,CHW,29,1,"$555,000","$555,000",2023
910,Jake Rogers (2019-2019),C,DET,24,1,"$555,000","$555,000",0
911,A.J. Cole (2019-2019),RP,CLE,27,1,"$555,000","$555,000",0
912,Bo Bichette (2019-2019),SS,TOR,21,1,"$555,000","$555,000",0
913,Phillips Valdez (2019-2019),P,TEX,27,1,"$555,000","$555,000",0
914,Kyle Ryan (2019-2019),RP,CHC,28,1,"$555,000","$555,000",0
915,Adam Haseley (2019-2019),OF,PHI,23,1,"$555,000","$555,000",0
916,Jairo Diaz (2019-2019),RP,COL,28,1,"$555,000","$555,000",0
917,Ryan Helsley (2019-2019),P,STL,25,1,"$555,000","$555,000",0
918,Yennsy Diaz (2019-2019),SP,TOR,22,1,"$555,000","$555,000",0
919,Giovanny Urshela (2019-2019),3B,NYY,27,1,"$555,000","$555,000",2024
920,Casey Sadler (2019-2019),RP,LAD Signed w/TB,29,1,"$555,000","$555,000",0
921,Jesus Tinoco (2019-2019),RP,COL,24,1,"$555,000","$555,000",0
922,Dario Agrazal (2019-2019),SP,PIT,24,1,"$555,000","$555,000",0
923,Cesar Puello (2019-2019),RF,MIA Signed w/LAA,28,1,"$555,000","$555,000",0
924,Jason Adam (2019-2019),RP,TOR Signed w/KC,28,1,"$555,000","$555,000",0
925,Gabriel Ynoa (2019-2019),SP,BAL,26,1,"$555,000","$555,000",0
926,Alex Dickerson (2019-2019),LF,SF Signed w/SD,29,1,"$555,000","$555,000",2023
927,Derek Law (2019-2019),RP,TOR Signed w/SF,29,1,"$555,000","$555,000",2024
928,Yonder Alonso (2019-2019),1B,COL,32,1,"$555,000","$555,000",0
929,Brendan Rodgers (2019-2019),SS,COL,23,1,"$555,000","$555,000",0
930,Phillip Ervin (2019-2019),CF,CIN,27,1,"$555,000","$555,000",0
931,Richie Martin (2019-2019),SS,BAL,24,1,"$555,000","$555,000",0
932,Matt Thaiss (2019-2019),1B,LAA,24,1,"$555,000","$555,000",0
933,Michael Soroka (2019-2019),SP,ATL,22,1,"$555,000","$555,000",0
934,Alex Young (2019-2019),SP,ARI,26,1,"$555,000","$555,000",0
935,Blake Parker (2019-2019),RP,PHI,34,1,"$555,000","$555,000",2021
936,Kyle Zimmer (2019-2019),RP,KC,28,1,"$555,000","$555,000",0
937,Peter Lambert (2019-2019),SP,COL,22,1,"$555,000","$555,000",0
938,Abraham Toro-Hernandez (2019-2019),3B,HOU,22,1,"$555,000","$555,000",0
939,Bubba Starling (2019-2019),CF,KC,27,1,"$555,000","$555,000",0
940,Juan Graterol (2019-2019),C,CIN,30,1,"$555,000","$555,000",0
941,Lane Thomas (2019-2019),CF,STL,24,1,"$555,000","$555,000",0
942,Hunter Wood (2019-2019),RP,CLE Signed w/TB,26,1,"$555,000","$555,000",2025
943,Yency Almonte (2019-2019),RP,COL,25,1,"$555,000","$555,000",0
944,Jordan Romano (2019-2019),P,TOR Signed w/TEX,26,1,"$555,000","$555,000",0
945,Skye Bolt (2019-2019),CF,OAK,25,1,"$555,000","$555,000",0
946,Michael Chavis (2019-2019),3B,BOS,24,1,"$555,000","$555,000",0
947,Humberto Arteaga (2019-2019),SS,KC,25,1,"$555,000","$555,000",0
948,Thairo Estrada (2019-2019),2B,NYY,23,1,"$555,000","$555,000",0
949,Michael Kopech (2019-2019),SP,CHW,23,1,"$555,000","$555,000",2025
950,David McKay (2019-2019),P,DET Signed w/SEA,24,1,"$555,000","$555,000",0
951,Braden Bishop (2019-2019),CF,SEA,26,1,"$555,000","$555,000",2025
952,Timmy Lopes (2019-2019),2B,SEA,25,1,"$555,000","$555,000",0
953,Isan Diaz (2019-2019),SS,MIA,23,1,"$555,000","$555,000",0
954,Trent Thornton (2019-2019),SP,TOR,26,1,"$555,000","$555,000",2025
955,Taylor Hearn (2019-2019),P,TEX,25,1,"$555,000","$555,000",2025
956,Josh Osich (2019-2019),RP,CHW Signed w/SF,31,1,"$555,000","$555,000",2023
957,Tyler Duffey (2019-2019),RP,MIN,28,1,"$555,000","$555,000",2023
958,Rob Brantly (2019-2019),C,PHI,30,1,"$555,000","$555,000",2024
959,Adrian Houser (2019-2019),SP,MIL,26,1,"$555,000","$555,000",2025
960,Harold Ramirez (2019-2019),RF,MIA,25,1,"$555,000","$555,000",0
961,Tyler Lyons (2019-2019),RP,NYY,31,1,"$555,000","$555,000",0
962,Jhoulys Chacin (2019-2019),SP,BOS,31,1,"$555,000","$555,000",2020
963,Drew Butera (2019-2019),C,COL,36,1,"$555,000","$555,000",2020
964,Carlos Estevez (2019-2019),RP,COL,26,1,"$555,000","$555,000",0
965,Danny Hultzen (2019-2019),RP,CHC,29,1,"$555,000","$555,000",0
966,Aaron Civale (2019-2019),SP,CLE,24,1,"$555,000","$555,000",0
967,Philip Gosselin (2019-2019),2B,PHI,31,1,"$555,000","$555,000",0
968,Nestor Cortes (2019-2019),RP,NYY,24,1,"$555,000","$555,000",2025
969,Tyler Heineman (2019-2019),C,MIA Signed w/ARI,28,1,"$555,000","$555,000",0
970,Jarlin Garcia (2019-2019),RP,MIA,26,1,"$555,000","$555,000",0
971,Brian Moran (2019-2019),RP,MIA,31,1,"$555,000","$555,000",0
972,Austin Brice (2019-2019),RP,MIA Signed w/BAL,27,1,"$555,000","$555,000",0
973,Patrick Sandoval (2019-2019),SP,LAA,22,1,"$555,000","$555,000",0
974,Dillon Tate (2019-2019),RP,BAL,25,1,"$555,000","$555,000",0
975,Wei-Chung Wang (2019-2019),RP,PIT Signed w/OAK,27,1,"$555,000","$555,000",2024
976,Nick Wittgren (2019-2019),RP,CLE Signed w/MIA,28,1,"$555,000","$555,000",0
977,Justus Sheffield (2019-2019),SP,SEA,23,1,"$555,000","$555,000",0
978,Abraham Almonte (2019-2019),CF,ARI,30,1,"$555,000","$555,000",0
979,Aaron Barrett (2019-2019),RP,WSH,31,1,"$555,000","$555,000",0
980,Jose Cisnero (2019-2019),RP,DET,30,1,"$555,000","$555,000",0
981,Burch Smith (2019-2019),RP,SF Signed w/MIL,29,1,"$555,000","$555,000",0
982,Tyler Austin (2019-2019),1B,MIL,28,1,"$555,000","$555,000",0
983,Austin Davis (2019-2019),RP,PHI,26,1,"$555,000","$555,000",0
984,Rangel Ravelo (2019-2019),1B,STL,27,1,"$555,000","$555,000",0
985,Mike Yastrzemski (2019-2019),OF,SF,29,1,"$555,000","$555,000",0
986,Jose Suarez (2019-2019),SP,LAA,21,1,"$555,000","$555,000",0
987,Kyle Tucker (2019-2019),LF,HOU,22,1,"$555,000","$555,000",0
988,Chance Sisco (2019-2019),C,BAL,24,1,"$555,000","$555,000",0
989,Kevin Ginkel (2019-2019),P,ARI,25,1,"$555,000","$555,000",0
990,Edgar Garcia (2019-2019),RP,PHI,23,1,"$555,000","$555,000",0
991,Taylor Ward (2019-2019),3B,LAA,25,1,"$555,000","$555,000",0
992,Chris Shaw (2019-2019),1B,SF,25,1,"$555,000","$555,000",0
993,Nick Senzel (2019-2019),3B,CIN,24,1,"$555,000","$555,000",0
994,Taylor Guilbeau (2019-2019),P,SEA,26,1,"$555,000","$555,000",0
995,Andrew Suarez (2019-2019),RP,SF,27,1,"$555,000","$555,000",0
996,Enyel De Los Santos (2019-2019),SP,PHI,23,1,"$555,000","$555,000",0
997,Cavan Biggio (2019-2019),2B,TOR,24,1,"$555,000","$555,000",0
998,Kevin Kramer (2019-2019),SS,PIT,26,1,"$555,000","$555,000",0
999,Cal Quantrill (2019-2019),SP,SD,24,1,"$555,000","$555,000",0
1000,Andres Munoz (2019-2019),P,SD,20,1,"$555,000","$555,000",0
1001,Jeff Hoffman (2019-2019),SP,COL,26,1,"$555,000","$555,000",0
1002,Touki Toussaint (2019-2019),SP,ATL,23,1,"$555,000","$555,000",0
1003,Yordan Alvarez (2019-2019),1B,HOU,22,1,"$555,000","$555,000",0
1004,Cole Tucker (2019-2019),SS,PIT,23,1,"$555,000","$555,000",0
1005,Tommy Edman (2019-2019),SS,STL,24,1,"$555,000","$555,000",0
1006,Aramis Garcia (2019-2019),C,SF,26,1,"$555,000","$555,000",0
1007,Nicholas Lopez (2019-2019),SS,KC,24,1,"$555,000","$555,000",0
1008,Austin Allen (2019-2019),C,SD,25,1,"$555,000","$555,000",0
1009,Adrian Sampson (2019-2019),RP,TEX,27,1,"$555,000","$555,000",2025
1010,Austin Pruitt (2019-2019),SP,TB,30,1,"$555,000","$555,000",0
1011,James Pazos (2019-2019),RP,COL Signed w/PHI,28,1,"$555,000","$555,000",0
1012,Tim Locastro (2019-2019),SS,ARI,27,1,"$555,000","$555,000",0
1013,Steve Baron (2019-2019),C,PIT,28,1,"$555,000","$555,000",0
1014,Eduardo Jimenez (2019-2019),RP,DET,24,1,"$555,000","$555,000",0
1015,Sal Romano (2019-2019),RP,CIN,25,1,"$555,000","$555,000",0
1016,Bryan Reynolds (2019-2019),OF,PIT,24,1,"$555,000","$555,000",2025
1017,Asdrubal Cabrera (2019-2019),2B,WSH,33,1,"$555,000","$555,000",2020
1018,Ryan Weber (2019-2019),RP,BOS,29,1,"$555,000","$555,000",0
1019,Jake Newberry (2019-2019),RP,KC,24,1,"$555,000","$555,000",0
1020,Joel Kuhnel (2019-2019),P,CIN,24,1,"$555,000","$555,000",0
1021,Austin Riley (2019-2019),3B,ATL,22,1,"$555,000","$555,000",0
1022,Jacob Faria (2019-2019),RP,MIL Signed w/TB,26,1,"$555,000","$555,000",0
1023,Tanner Rainey (2019-2019),P,WSH,26,1,"$555,000","$555,000",2025
1024,Spencer Kieboom (2019-2019),C,WSH,28,1,"$555,000","$555,000",0
1025,Lucas Sims (2019-2019),RP,CIN,25,1,"$555,000","$555,000",0
1026,Francisco Cervelli (2019-2019),C,ATL,33,1,"$555,000","$555,000",2020
1027,Jeimer Candelario (2019-2019),3B,DET,25,1,"$555,000","$555,000",0
1028,Jordan Hicks (2019-2019),RP,STL,23,1,"$555,000","$555,000",2024
1029,Josh VanMeter (2019-2019),2B,CIN,24,1,"$555,000","$555,000",0
1030,Cody Stashak (2019-2019),P,MIN,25,1,"$555,000","$555,000",0
1031,Alec Mills (2019-2019),RP,CHC,27,1,"$555,000","$555,000",0
1032,Pete Alonso (2019-2019),1B,NYM,0,1,"$555,000","$555,000",2025
1033,Williams Jerez (2019-2019),RP,PIT Signed w/LAA,27,1,"$555,000","$555,000",0
1034,Shaun Anderson (2019-2019),RP,SF,24,1,"$555,000","$555,000",0
1035,Buddy Boshers (2019-2019),RP,TOR,31,1,"$555,000","$555,000",0
1036,Matthew Bowman (2019-2019),RP,CIN,28,1,"$555,000","$555,000",0
1037,Jandel Gustave (2019-2019),RP,SF,26,1,"$555,000","$555,000",0
1038,Domingo Leyba (2019-2019),SS,ARI,24,1,"$555,000","$555,000",0
1039,Andrew Toles (2019-2019),RF,LAD,27,1,"$555,000","$555,000",0
1040,Ray Black (2019-2019),RP,MIL Signed w/SF,32,1,"$555,000","$555,000",0
1041,Branden Kline (2019-2019),RP,BAL,28,1,"$555,000","$555,000",0
1042,Willi Castro (2019-2019),SS,DET,22,1,"$555,000","$555,000",0
1043,Johnny Davis (2019-2019),CF,TB,29,1,"$555,000","$555,000",0
1044,Yu-Cheng Chang (2019-2019),SS,CLE,24,1,"$555,000","$555,000",0
1045,Daniel Mengden (2019-2019),SP,OAK,26,1,"$555,000","$555,000",2024
1046,Ben Heller (2019-2019),RP,NYY,28,1,"$555,000","$555,000",2024
1047,Austin Dean (2019-2019),LF,MIA,25,1,"$555,000","$555,000",0
1048,Kyle Lewis (2019-2019),OF,SEA,24,1,"$555,000","$555,000",0
1049,Chris Mazza (2019-2019),RP,NYM,29,1,"$555,000","$555,000",0
1050,Jesus Luzardo (2019-2019),P,OAK,22,1,"$555,000","$555,000",0
1051,Dan Altavilla (2019-2019),RP,SEA,27,1,"$555,000","$555,000",2024
1052,Hector Santiago (2019-2019),RP,CHW,31,1,"$555,000","$555,000",2020
1053,Kyle Keller (2019-2019),P,MIA,26,1,"$555,000","$555,000",0
1054,Sean Murphy (2019-2019),C,OAK,25,1,"$555,000","$555,000",0
1055,D.J. Stewart (2019-2019),RF,BAL,25,1,"$555,000","$555,000",2025
1056,Jon Duplantier (2019-2019),P,ARI,25,1,"$555,000","$555,000",0
1057,Joe McCarthy (2019-2019),RF,SF Signed w/TB,25,1,"$555,000","$555,000",0
1058,Ryan Eades (2019-2019),P,BAL Signed w/MIN,27,1,"$555,000","$555,000",0
1059,Jeremy Walker (2019-2019),P,ATL,24,1,"$555,000","$555,000",0
1060,Steve Nogosek (2019-2019),P,NYM,24,1,"$555,000","$555,000",0
1061,Adam Plutko (2019-2019),SP,CLE,28,1,"$555,000","$555,000",0
1062,Tres Barrera (2019-2019),C,WSH,25,1,"$555,000","$555,000",0
1063,Jake Noll (2019-2019),2B,WSH,25,1,"$555,000","$555,000",0
1064,Dawel Lugo (2019-2019),SS,DET,24,1,"$555,000","$555,000",0
1065,Gavin Lux (2019-2019),SS,LAD,21,1,"$555,000","$555,000",0
1066,Ricardo Pinto (2019-2019),RP,SF Signed w/TB,25,1,"$555,000","$555,000",0
1067,Matt Hall (2019-2019),RP,DET,26,1,"$555,000","$555,000",0
1068,T.J. Zeuch (2019-2019),SP,TOR,24,1,"$555,000","$555,000",0
1069,Chris Flexen (2019-2019),SP,NYM,25,1,"$555,000","$555,000",0
1070,Zack Collins (2019-2019),C,CHW,24,1,"$555,000","$555,000",0
1071,Kyle McGowin (2019-2019),SP,WSH,27,1,"$555,000","$555,000",0
1072,Jose Alvarado (2019-2019),RP,TB,24,1,"$555,000","$555,000",2024
1073,Justin Dunn (2019-2019),P,SEA,24,1,"$555,000","$555,000",0
1074,Franklyn Kilome (2019-2019),P,NYM,24,1,"$555,000","$555,000",0
1075,Devin Williams (2019-2019),P,MIL,25,1,"$555,000","$555,000",0
1076,Austin Hays (2019-2019),RF,BAL,24,1,"$555,000","$555,000",0
1077,Luis Escobar (2019-2019),RP,PIT,23,1,"$555,000","$555,000",0
1078,Giovanny Gallegos (2019-2019),RP,STL,28,1,"$555,000","$555,000",2025
1079,Andrew Knizner (2019-2019),C,STL,24,1,"$555,000","$555,000",0
1080,Austin Gomber (2019-2019),SP,STL,25,1,"$555,000","$555,000",0
1081,Devin Smeltzer (2019-2019),P,MIN,24,1,"$555,000","$555,000",0
1082,Corey Oswalt (2019-2019),SP,NYM,26,1,"$555,000","$555,000",0
1083,Clay Holmes (2019-2019),RP,PIT,26,1,"$555,000","$555,000",2025
1084,Carson Fulmer (2019-2019),RP,CHW,25,1,"$555,000","$555,000",2025
1085,Cole Irvin (2019-2019),P,PHI,25,1,"$555,000","$555,000",0
1086,Adolis Garcia (2019-2019),OF,STL,26,1,"$555,000","$555,000",0
1087,Josh Sborz (2019-2019),RP,LAD,25,1,"$555,000","$555,000",0
1088,Abiatal Avelino (2019-2019),SS,SF,24,1,"$555,000","$555,000",0
1089,Austin Nola (2019-2019),C,SEA,29,1,"$555,000","$555,000",0
1090,Donnie Walton (2019-2019),SS,SEA,25,1,"$555,000","$555,000",0
1091,James Bourque (2019-2019),P,WSH,26,1,"$555,000","$555,000",0
1092,Victor Reyes (2019-2019),LF,DET,24,1,"$555,000","$555,000",0
1093,Anthony Kay (2019-2019),SP,TOR,24,1,"$555,000","$555,000",0
1094,Edward Olivares (2019-2019),OF,SD,23,1,"$555,000","$555,000",0
1095,Michael Shawaryn (2019-2019),P,BOS,25,1,"$555,000","$555,000",0
1096,Pedro Avila (2019-2019),SP,SD,22,1,"$555,000","$555,000",0
1097,Glenn Sparkman (2019-2019),SP,KC,27,1,"$555,000","$555,000",0
1098,James Hoyt (2019-2019),RP,CLE,33,1,"$555,000","$555,000",0
1099,Anderson Espinoza (2019-2019),SP,SD,21,1,"$555,000","$555,000",0
1100,Ronald Bolanos (2019-2019),SP,SD,23,1,"$555,000","$555,000",0
1101,Ramon Urias (2019-2019),2B,STL,25,1,"$555,000","$555,000",0
1102,Vladimir Guerrero (2019-2019),3B,TOR,20,1,"$555,000","$555,000",2025
1103,Robby Scott (2019-2019),RP,ARI,30,1,"$555,000","$555,000",0
1104,Melvin Adon (2019-2019),P,SF,25,1,"$555,000","$555,000",0
1105,Brett Phillips (2019-2019),RF,KC,25,1,"$555,000","$555,000",0
1106,Pat Valaika (2019-2019),SS,COL,27,1,"$555,000","$555,000",0
1107,JT Brubaker (2019-2019),SP,PIT,25,1,"$555,000","$555,000",0
1108,Anthony Santander (2019-2019),OF,BAL,24,1,"$555,000","$555,000",0
1109,Paul Sewald (2019-2019),RP,NYM,29,1,"$555,000","$555,000",0
1110,Cionel Perez (2019-2019),RP,HOU,23,1,"$555,000","$555,000",0
1111,Arquimedes Gamboa (2019-2019),SS,PHI,22,1,"$555,000","$555,000",0
1112,Jose Ruiz (2019-2019),RP,CHW,24,1,"$555,000","$555,000",0
1113,Montana DuRapau (2019-2019),P,PIT,27,1,"$555,000","$555,000",0
1114,Francis Martes (2019-2019),RP,HOU,23,1,"$555,000","$555,000",0
1115,Ty France (2019-2019),3B,SD,25,1,"$555,000","$555,000",0
1116,Jimmie Sherfy (2019-2019),RP,ARI,27,1,"$555,000","$555,000",0
1117,JD Hammer (2019-2019),P,PHI,25,1,"$555,000","$555,000",0
1118,Josh Taylor (2019-2019),RP,BOS,26,1,"$555,000","$555,000",0
1119,Duane Underwood (2019-2019),RP,CHC,25,1,"$555,000","$555,000",0
1120,Luke Farrell (2019-2019),RP,TEX Signed w/LAA,28,1,"$555,000","$555,000",2025
1121,Keury Mella (2019-2019),RP,CIN,26,1,"$555,000","$555,000",0
1122,Christian Arroyo (2019-2019),SS,CLE Signed w/TB,24,1,"$555,000","$555,000",2025
1123,Willie Calhoun (2019-2019),LF,TEX,24,1,"$555,000","$555,000",2025
1124,Anthony Alford (2019-2019),OF,TOR,25,1,"$555,000","$555,000",0
1125,Emilio Pagan (2019-2019),RP,TB,28,1,"$555,000","$555,000",2024
1126,Seth Brown (2019-2019),1B,OAK,27,1,"$555,000","$555,000",0
1127,Javier Guerra (2019-2019),SS,SD,33,1,"$555,000","$555,000",0
1128,Cristhian Adames (2019-2019),SS,SF,28,1,"$555,000","$555,000",0
1129,Edmundo Sosa (2019-2019),SS,STL,23,1,"$555,000","$555,000",0
1130,Donnie Hart (2019-2019),RP,NYM Signed w/LAD,29,1,"$555,000","$555,000",2024
1131,Austin Slater (2019-2019),LF,SF,26,1,"$555,000","$555,000",2024
1132,Magneuris Sierra (2019-2019),CF,MIA,23,1,"$555,000","$555,000",0
1133,Mike Gerber (2019-2019),OF,SF Signed w/DET,27,1,"$555,000","$555,000",0
1134,Fernando Romero (2019-2019),RP,MIN,24,1,"$555,000","$555,000",0
1135,Tayler Scott (2019-2019),SP,BAL Signed w/SEA,27,1,"$555,000","$555,000",0
1136,Keston Hiura (2019-2019),2B,MIL,23,1,"$555,000","$555,000",0
1137,Tyler Beede (2019-2019),SP,SF,26,1,"$555,000","$555,000",2025
1138,Jack Mayfield (2019-2019),2B,HOU,29,1,"$555,000","$555,000",0
1139,Griffin Canning (2019-2019),P,LAA,23,1,"$555,000","$555,000",0
1140,Paul Blackburn (2019-2019),SP,OAK,25,1,"$555,000","$555,000",0
1141,Jorge Alcala (2019-2019),P,MIN,24,1,"$555,000","$555,000",0
1142,Ryan Cordell (2019-2019),LF,CHW,27,1,"$555,000","$555,000",2025
1143,Andrew Kittredge (2019-2019),RP,TB,29,1,"$555,000","$555,000",2025
1144,Hoby Milner (2019-2019),RP,TB,28,1,"$555,000","$555,000",0
1145,Garrett Cooper (2019-2019),RF,MIA,28,1,"$555,000","$555,000",0
1146,Aaron Bummer (2019-2019),RP,CHW,26,1,"$555,000","$555,000",2025
1147,Walker Lockett (2019-2019),RP,NYM,25,1,"$555,000","$555,000",2025
1148,Jose Trevino (2019-2019),C,TEX,26,1,"$555,000","$555,000",0
1149,Stefan Crichton (2019-2019),RP,ARI,27,1,"$555,000","$555,000",0
1150,Ryne Harper (2019-2019),RP,MIN,30,1,"$555,000","$555,000",2025
1151,Chad Wallach (2019-2019),C,MIA,27,1,"$555,000","$555,000",0
1152,Aristides Aquino (2019-2019),RF,CIN,25,1,"$555,000","$555,000",0
1153,Brendan McKay (2019-2019),SP,TB,23,1,"$555,000","$555,000",0
1154,Sandy Alcantara (2019-2019),SP,MIA,24,1,"$555,000","$555,000",0
1155,James Karinchak (2019-2019),P,CLE,24,1,"$555,000","$555,000",0
1156,Joe Palumbo (2019-2019),RP,TEX,24,1,"$555,000","$555,000",0
1157,Enderson Franco (2019-2019),P,SF,26,1,"$555,000","$555,000",0
1158,J.P. Crawford (2019-2019),SS,SEA,24,1,"$555,000","$555,000",2024
1159,Yacksel Rios (2019-2019),RP,PIT Signed w/PHI,26,1,"$555,000","$555,000",0
1160,Victor Arano (2019-2019),RP,PHI,24,1,"$555,000","$555,000",2024
1161,Chi Chi Gonzalez (2019-2019),SP,COL,27,1,"$555,000","$555,000",0
1162,Zac Reininger (2019-2019),RP,DET,26,1,"$555,000","$555,000",0
1163,Taylor Clarke (2019-2019),RP,ARI,26,1,"$555,000","$555,000",0
1164,Dillon Maples (2019-2019),RP,CHC,27,1,"$555,000","$555,000",0
1165,Ruben Alaniz (2019-2019),RP,CIN Signed w/SEA,28,1,"$555,000","$555,000",0
1166,Tanner Scott (2019-2019),RP,BAL,25,1,"$555,000","$555,000",0
1167,Jefry Rodriguez (2019-2019),RP,CLE,26,1,"$555,000","$555,000",0
1168,Hunter Harvey (2019-2019),RP,BAL,24,1,"$555,000","$555,000",0
1169,Eric Haase (2019-2019),C,CLE,26,1,"$555,000","$555,000",0
1170,Ranger Suarez (2019-2019),RP,PHI,24,1,"$555,000","$555,000",2025
1171,Kelvin Gutierrez (2019-2019),3B,KC,25,1,"$555,000","$555,000",0
1172,Oscar Mercado (2019-2019),OF,CLE,24,1,"$555,000","$555,000",0
1173,Logan Webb (2019-2019),SP,SF,22,1,"$555,000","$555,000",0
1174,Ariel Jurado (2019-2019),SP,TEX,23,1,"$555,000","$555,000",2025
1175,Travis Demeritte (2019-2019),LF,DET,25,1,"$555,000","$555,000",0
1176,Lewis Thorpe (2019-2019),P,MIN,23,1,"$555,000","$555,000",0
1177,Brett Martin (2019-2019),P,TEX,24,1,"$555,000","$555,000",2025
1178,Adrian Morejon (2019-2019),P,SD,0,1,"$555,000","$555,000",0
1179,Shed Long (2019-2019),2B,SEA,24,1,"$555,000","$555,000",0
1180,Nick Anderson (2019-2019),RP,TB Signed w/MIA,29,1,"$555,000","$555,000",0
1181,Brad Wieck (2019-2019),RP,CHC Signed w/SD,27,1,"$555,000","$555,000",0
1182,Pablo Lopez (2019-2019),SP,MIA,23,1,"$555,000","$555,000",0
1183,Will Smith (2019-2019),C,LAD,24,1,"$555,000","$555,000",0
1184,Jacob Nottingham (2019-2019),C,MIL,24,1,"$555,000","$555,000",0
1185,Christian Colon (2019-2019),2B,CIN,30,1,"$555,000","$555,000",0
1186,LaMonte Wade (2019-2019),CF,MIN,25,1,"$555,000","$555,000",0
1187,Josh Smith (2019-2019),RP,MIA Signed w/CLE,32,1,"$555,000","$555,000",0
1188,Yonathan Daza (2019-2019),RF,COL,25,1,"$555,000","$555,000",0
1189,Luis Torrens (2019-2019),C,SD,23,1,"$555,000","$555,000",0
1190,Tyler Bashlor (2019-2019),RP,NYM,26,1,"$555,000","$555,000",2025
1191,Elieser Hernandez (2019-2019),SP,MIA,24,1,"$555,000","$555,000",0
1192,Jake Jewell (2019-2019),RP,LAA,26,1,"$555,000","$555,000",0
1193,Anthony Gonsolin (2019-2091),P,LAD,25,1,"$555,000","$555,000",0
1194,Heath Fillmyer (2019-2019),RP,KC,25,1,"$555,000","$555,000",0
1195,Julian Fernndez (2019-2019),RP,MIA Signed w/SF,23,1,"$555,000","$555,000",0
1196,Drew Gagnon (2019-2019),RP,NYM,29,1,"$555,000","$555,000",2025
1197,Brandon Dixon (2019-2019),1B,DET,27,1,"$555,000","$555,000",0
1198,Nick Dini (2019-2019),C,KC,26,1,"$555,000","$555,000",0
1199,Bobby Poyner (2019-2019),RP,BOS,26,1,"$555,000","$555,000",0
1200,Josh Naylor (2019-2019),1B,SD,22,1,"$555,000","$555,000",0
1201,Nico Hoerner (2019-2019),SS,CHC,22,1,"$555,000","$555,000",0
1202,Josh Staumont (2019-2019),RP,KC,25,1,"$555,000","$555,000",0
1203,Daniel Poncedeleon (2019-2019),RP,STL,27,1,"$555,000","$555,000",2025
1204,Steve Wilkerson (2019-2019),2B,BAL,27,1,"$555,000","$555,000",0
1205,Zac Grotz (2019-2019),P,SEA,26,1,"$555,000","$555,000",0
1206,Jimmy Cordero (2019-2019),RP,CHW Signed w/WSH,27,1,"$555,000","$555,000",2025
1207,Evan Phillips (2019-2019),RP,BAL,25,1,"$555,000","$555,000",0
1208,Josh Rogers (2019-2019),SP,BAL,25,1,"$555,000","$555,000",0
1209,Alex McRae (2019-2019),P,PIT,26,1,"$555,000","$555,000",2025
1210,Kohl Stewart (2019-2019),RP,MIN,24,1,"$555,000","$555,000",0
1211,Daniel Zamora (2019-2019),RP,NYM,26,1,"$555,000","$555,000",2025
1212,Gregory Soto (2019-2019),RP,DET,24,1,"$555,000","$555,000",0
1213,Zac Gallen (2019-2019),SP,ARI Signed w/MIA,24,1,"$555,000","$555,000",0
1214,Justin Shafer (2019-2019),RP,TOR,27,1,"$555,000","$555,000",2025
1215,Mike Ford (2019-2019),1B,NYY,27,1,"$555,000","$555,000",0
1216,Joe Hudson (2019-2019),C,STL,28,1,"$555,000","$555,000",0
1217,Harold Castro (2019-2019),3B,DET,25,1,"$555,000","$555,000",0
1218,Jonathan Davis (2019-2019),CF,TOR,27,1,"$555,000","$555,000",0
1219,Jon Berti (2019-2019),2B,MIA,29,1,"$555,000","$555,000",0
1220,Tyrone Taylor (2019-2019),CF,MIL,25,1,"$555,000","$555,000",0
1221,Jacob Webb (2019-2019),RP,ATL,26,1,"$555,000","$555,000",0
1222,Edwin Rios (2019-2019),1B,LAD,25,1,"$555,000","$555,000",0
1223,Ian Gibaut (2019-2019),RP,TEX Signed w/TB,25,1,"$555,000","$555,000",0
1224,Miguel Del Pozo (2019-2019),RP,LAA Signed w/TEX,26,1,"$555,000","$555,000",0
1225,Luis Barrera (2019-2019),OF,OAK,23,1,"$555,000","$555,000",0
1226,Luis Rengifo (2019-2019),SS,LAA,22,1,"$555,000","$555,000",0
1227,Trent Grisham (2019-2019),RF,MIL,22,1,"$555,000","$555,000",0
1228,Gerardo Reyes (2019-2019),RP,SD,26,1,"$555,000","$555,000",0
1229,Chris Paddack (2019-2019),SP,SD,23,1,"$555,000","$555,000",2025
1230,Genesis Cabrera (2019-2019),RP,STL,22,1,"$555,000","$555,000",0
1231,Jose Quijada (2019-2019),RP,MIA,23,1,"$555,000","$555,000",0
1232,Jordan Yamamoto (2019-2019),P,MIA,23,1,"$555,000","$555,000",0
1233,Jason Martin (2019-2019),OF,PIT,24,1,"$555,000","$555,000",0
1234,Joe Harvey (2019-2019),RP,COL Signed w/NYY,27,1,"$555,000","$555,000",0
1235,Luis Arraez (2019-2019),2B,MIN,22,1,"$555,000","$555,000",0
1236,Mauricio Dubon (2019-2019),SS,SF Signed w/MIL,25,1,"$555,000","$555,000",0
1237,Travis Lakins (2019-2019),RP,BOS,25,1,"$555,000","$555,000",2025
1238,Tyler Kinley (2019-2019),RP,MIA,28,1,"$555,000","$555,000",0
1239,Jimmy Herget (2019-2019),RP,CIN,26,1,"$555,000","$555,000",0
1240,Tyler Rogers (2019-2019),P,SF,28,1,"$555,000","$555,000",0
1241,Kevin Cron (2019-2019),1B,ARI,26,1,"$555,000","$555,000",0
1242,Bryan Abreu (2019-2019),RP,HOU,22,1,"$555,000","$555,000",0
1243,Yefry Ramirez (2019-2019),RP,PIT Signed w/BAL,25,1,"$555,000","$555,000",0
1244,Garrett Stubbs (2019-2019),C,HOU,26,1,"$555,000","$555,000",0
1245,James Norwood (2019-2019),RP,CHC,25,1,"$555,000","$555,000",0
1246,Josh Fuentes (2019-2019),1B,COL,26,1,"$555,000","$555,000",0
1247,Sam Hilliard (2019-2019),RF,COL,25,1,"$555,000","$555,000",0
1248,Anthony Bemboom (2019-2019),C,LAA Signed w/TB,29,1,"$555,000","$555,000",0
1249,Jose Bautista (2018-2018),RF,PHI Signed w/NYM,38,1,"$545,000","$545,000",2019
1250,Carlos Moncrief (2017-2017),RF,SF,30,1,"$535,000","$535,000",2018
