,#,IP,Name,PA,Pos,Primary WAR,Team,Total WAR
0,1,,Mike Trout,600,CF,8.6,Angels,8.6
1,2,,Alex Bregman,690,3B/SS,8.5,Astros,8.5
2,3,,Christian Yelich,580,RF,7.8,Brewers,7.8
3,4,,Cody Bellinger,660,RF,7.8,Dodgers,7.8
4,5,204,Jacob deGrom,,P,7,Mets,7.6
5,6,,Marcus Semien,747,SS,7.6,Athletics,7.6
6,7,212.1,Gerrit Cole,,P,7.4,Astros,7.3
7,8,,Ketel Marte,628,2B/CF,7.1,Diamondbacks,7.1
8,9,,Anthony Rendon,646,3B,7,Nationals,7
9,10,,Xander Bogaerts,698,SS,6.8,Red Sox,6.8
10,11,208.1,Lance Lynn,,P,6.8,Rangers,6.7
11,12,,Mookie Betts,706,RF,6.6,Red Sox,6.6
12,13,172.1,Max Scherzer,,P,6.5,Nationals,6.6
13,14,,George Springer,556,RF/CF,6.5,Astros,6.5
14,15,208.2,Zack Greinke,,P,5.4,- - -,6.4
15,16,223,Justin Verlander,,P,6.4,Astros,6.3
16,17,,Matt Chapman,670,3B,6.1,Athletics,6.1
17,18,194.2,Charlie Morton,,P,6.1,Rays,6
18,19,,Rafael Devers,702,3B,5.9,Red Sox,5.9
19,20,,Nolan Arenado,662,3B,5.9,Rockies,5.9
20,21,209,Stephen Strasburg,,P,5.7,Nationals,5.9
21,22,,Trevor Story,656,SS,5.8,Rockies,5.8
22,23,,J.T. Realmuto,593,C,5.7,Phillies,5.7
23,24,,Yoan Moncada,559,3B,5.7,White Sox,5.7
24,25,,Ronald Acuna Jr.,715,CF/LF,5.6,Braves,5.6
25,26,214.1,Shane Bieber,,P,5.6,Indians,5.6
26,27,,DJ LeMahieu,655,2B/3B,5.4,Yankees,5.4
27,28,195.1,Zack Wheeler,,P,4.7,Mets,5.3
28,29,,Yasmani Grandal,632,C,5.2,Brewers,5.2
29,30,182.2,Hyun-Jin Ryu,,P,4.8,Dodgers,5.1
0,31,176.2,Lucas Giolito,,P,5.1,White Sox,5.1
1,32,196.1,Jack Flaherty,,P,4.7,Cardinals,5
2,33,,Josh Donaldson,659,3B,4.9,Braves,4.9
3,34,182.1,Walker Buehler,,P,5,Dodgers,4.9
4,35,,Peter Alonso,693,1B,4.8,Mets,4.8
5,36,,Juan Soto,659,LF,4.8,Nationals,4.8
6,37,,Max Muncy,589,1B/2B,4.8,Dodgers,4.8
7,38,,Kris Bryant,634,3B,4.8,Cubs,4.8
8,39,,Ozzie Albies,702,2B,4.6,Braves,4.6
9,40,,Aaron Judge,447,RF,4.6,Yankees,4.6
10,41,,Bryce Harper,682,RF,4.6,Phillies,4.6
11,42,,Jeff McNeil,567,LF,4.6,Mets,4.6
12,43,202,Patrick Corbin,,P,4.8,Nationals,4.5
13,44,126,Mike Clevinger,,P,4.5,Indians,4.5
14,45,,Eugenio Suarez,662,3B,4.5,Reds,4.5
15,46,175.1,Sonny Gray,,P,4.4,Reds,4.5
16,47,,Max Kepler,596,RF/CF,4.4,Twins,4.4
17,48,197.2,Noah Syndergaard,,P,4.4,Mets,4.4
18,49,200.1,Jose Berrios,,P,4.4,Twins,4.4
19,50,,Javier Baez,561,SS,4.4,Cubs,4.4
20,51,,Francisco Lindor,654,SS,4.4,Indians,4.4
21,52,,Carlos Santana,686,1B,4.4,Indians,4.4
22,53,159,Jake Odorizzi,,P,4.3,Twins,4.3
23,54,,Nelson Cruz,521,DH,4.3,Twins,4.3
24,55,177,Kyle Hendricks,,P,4.1,Cubs,4.2
25,56,,Michael Brantley,637,LF,4.2,Astros,4.2
26,57,,Paul DeJong,664,SS,4.1,Cardinals,4.1
27,58,,Jorge Polanco,704,SS,4,Twins,4
28,59,,Austin Meadows,591,RF/DH,4,Rays,4
29,60,208.1,Mike Minor,,P,4.2,Rangers,4
0,61,,Mark Canha,497,CF,4,Athletics,4
1,62,,Anthony Rizzo,613,1B,4,Cubs,4
2,63,,Freddie Freeman,692,1B,4,Braves,4
3,64,,Jonathan Villar,714,2B/SS,4,Orioles,4
4,65,,Ramon Laureano,481,CF,3.9,Athletics,3.9
5,66,,Matt Olson,547,1B,3.9,Athletics,3.9
6,67,,Mitch Garver,359,C,3.9,Twins,3.9
7,68,,Yordan Alvarez,369,DH,3.8,Astros,3.8
8,69,174.2,Mike Soroka,,P,4,Braves,3.8
9,70,85,Liam Hendriks,,P,3.8,Athletics,3.8
10,71,121.2,Brandon Woodruff,,P,3.3,Brewers,3.8
11,72,174,German Marquez,,P,3.4,Rockies,3.8
12,73,,Michael Conforto,648,RF,3.7,Mets,3.7
13,74,190.2,Luis Castillo,,P,4.1,Reds,3.7
14,75,203,Marco Gonzales,,P,3.7,Mariners,3.7
15,76,,Kolten Wong,549,2B,3.7,Cardinals,3.7
16,77,184.1,Marcus Stroman,,P,3.9,- - -,3.7
17,78,,Eduardo Escobar,699,3B,3.7,Diamondbacks,3.7
18,79,,Gleyber Torres,604,2B/SS,3.6,Yankees,3.6
19,80,207.2,Madison Bumgarner,,P,3.2,Giants,3.6
20,81,,Jorge Soler,679,RF/DH,3.6,Royals,3.6
21,82,,Fernando Tatis Jr.,372,SS,3.6,Padres,3.6
22,83,,Brett Gardner,550,CF/LF,3.6,Yankees,3.6
23,84,147.1,Chris Sale,,P,3.6,Red Sox,3.6
24,85,203.1,Eduardo Rodriguez,,P,3.7,Red Sox,3.6
25,86,,Trey Mancini,679,1B/RF,3.6,Orioles,3.6
26,87,202.1,Aaron Nola,,P,3.4,Phillies,3.5
27,88,,Jose Altuve,548,2B,3.5,Astros,3.5
28,89,170.1,Joe Musgrove,,P,3.3,Pirates,3.5
29,90,,Christian Vazquez,521,C,3.5,Red Sox,3.5
0,91,,Trea Turner,569,SS,3.5,Nationals,3.5
1,92,,Tim Anderson,518,SS,3.5,White Sox,3.5
2,93,165.2,Max Fried,,P,3,Braves,3.5
3,94,,David Fletcher,653,3B,3.4,Angels,3.4
4,95,150.2,James Paxton,,P,3.5,Yankees,3.4
5,96,,Justin Turner,549,3B,3.4,Dodgers,3.4
6,97,60.2,Kirby Yates,,P,3.4,Padres,3.4
7,98,213,Trevor Bauer,,P,3.3,- - -,3.4
8,99,,Jose Ramirez,542,3B,3.3,Indians,3.3
9,100,185.1,Matthew Boyd,,P,3.3,Tigers,3.3
10,101,,Corey Seager,541,SS,3.3,Dodgers,3.3
11,102,,Tommy Pham,654,LF,3.3,Rays,3.3
12,103,,Joey Gallo,297,CF/LF,3.3,Rangers,3.3
13,104,182,Masahiro Tanaka,,P,3.3,Yankees,3.3
14,105,,Tommy Edman,349,2B/3B,3.2,Cardinals,3.2
15,106,,Tom Murphy,281,C,3.2,Mariners,3.2
16,107,,Yuli Gurriel,612,1B/3B,3.2,Astros,3.2
17,108,,J.D. Martinez,657,DH,3.2,Red Sox,3.2
18,109,178.1,Clayton Kershaw,,P,3.4,Dodgers,3.2
19,110,171.2,Jon Lester,,P,2.8,Cubs,3.2
20,111,,Carlos Correa,321,SS,3.2,Astros,3.2
21,112,,Bryan Reynolds,546,LF,3.2,Pirates,3.2
22,113,171,Jose Quintana,,P,3.5,Cubs,3.2
23,114,155,John Means,,P,3,Orioles,3.2
24,115,,Giovanny Urshela,476,3B,3.1,Yankees,3.1
25,116,,Manny Machado,661,3B,3.1,Padres,3.1
26,117,,Brian Anderson,520,3B/RF,3.1,Marlins,3.1
27,118,,Joc Pederson,514,RF/LF,3,Dodgers,3
28,119,,Starling Marte,586,CF,3,Pirates,3
29,120,96,Frankie Montas,,P,3,Athletics,3
0,121,,Roberto Perez,449,C,3,Indians,3
1,122,153.2,Kenta Maeda,,P,2.5,Dodgers,3
2,123,,Hunter Dozier,586,3B,3,Royals,3
3,124,163.1,Homer Bailey,,P,2.9,- - -,3
4,125,,Kyle Seager,443,3B,2.9,Mariners,2.9
5,126,,Howie Kendrick,370,1B,2.9,Nationals,2.9
6,127,,Paul Goldschmidt,682,1B,2.9,Cardinals,2.9
7,128,,Whit Merrifield,735,2B/RF,2.9,Royals,2.9
8,129,,Willy Adames,584,SS,2.8,Rays,2.8
9,130,,Mike Moustakas,584,2B/3B,2.8,Brewers,2.8
10,131,148.1,Spencer Turnbull,,P,2.9,Tigers,2.8
11,132,,Nicholas Castellanos,664,RF,2.8,- - -,2.8
12,133,107,Blake Snell,,P,2.7,Rays,2.7
13,134,,Miguel Sano,439,3B,2.7,Twins,2.7
14,135,,Amed Rosario,655,SS,2.7,Mets,2.7
15,136,,Scott Kingery,500,3B/CF,2.7,Phillies,2.7
16,137,,Willson Contreras,409,C,2.7,Cubs,2.7
17,138,141.2,Ryan Yarbrough,,P,2.7,Rays,2.7
18,139,,Byron Buxton,295,CF,2.7,Twins,2.7
19,140,160,Kyle Gibson,,P,2.6,Twins,2.7
20,141,,Eric Sogard,442,2B,2.6,- - -,2.6
21,142,146,Michael Pineda,,P,2.7,Twins,2.6
22,143,,Brandon Lowe,327,2B,2.6,Rays,2.6
23,144,,Mike Tauchman,296,LF,2.6,Yankees,2.6
24,145,,Marcell Ozuna,549,LF,2.6,Cardinals,2.6
25,146,,Kyle Schwarber,610,LF,2.6,Cubs,2.6
26,147,150,Jon Gray,,P,2.9,Rockies,2.5
27,148,,Kole Calhoun,632,RF,2.5,Angels,2.5
28,149,141.2,Cole Hamels,,P,2.5,Cubs,2.5
29,150,,Edwin Encarnacion,486,1B/DH,2.5,- - -,2.5
0,151,,Victor Robles,617,CF,2.5,Nationals,2.5
1,152,,Josh Bell,613,1B,2.5,Pirates,2.5
2,153,,Adalberto Mondesi,443,SS,2.4,Royals,2.4
3,154,161.2,Dylan Bundy,,P,2.5,Orioles,2.4
4,155,,Cavan Biggio,430,2B,2.4,Blue Jays,2.4
5,156,184,Miles Mikolas,,P,2.5,Cardinals,2.4
6,157,107.1,David Price,,P,2.3,Red Sox,2.4
7,158,,Nick Ahmed,625,SS,2.4,Diamondbacks,2.4
8,159,,Kevin Newman,531,SS,2.4,Pirates,2.4
9,160,,J.D. Davis,453,3B/LF,2.4,Mets,2.4
10,161,,Adam Eaton,656,RF,2.3,Nationals,2.3
11,162,,Jean Segura,618,SS,2.3,Phillies,2.3
12,163,178.2,Yu Darvish,,P,2.6,Cubs,2.3
13,164,171.2,Adam Wainwright,,P,2.2,Cardinals,2.3
14,165,,Gary Sanchez,446,C,2.3,Yankees,2.3
15,166,80,Seth Lugo,,P,2.2,Mets,2.3
16,167,140.2,Chris Paddack,,P,2.4,Padres,2.3
17,168,60.2,Tyler Glasnow,,P,2.3,Rays,2.3
18,169,,James McCann,476,C,2.3,White Sox,2.3
19,170,,Robinson Chirinos,437,C,2.3,Astros,2.3
20,171,165.1,Brad Keller,,P,2.2,Royals,2.2
21,172,166,Anibal Sanchez,,P,2.5,Nationals,2.2
22,173,,Christian Walker,603,1B,2.2,Diamondbacks,2.2
23,174,184,Reynaldo Lopez,,P,2.3,White Sox,2.2
24,175,,Adam Frazier,608,2B,2.2,Pirates,2.2
25,176,,Mike Yastrzemski,411,RF/LF,2.2,Giants,2.2
26,177,75.2,Josh Hader,,P,2.3,Brewers,2.2
27,178,,Jordan Luplow,261,RF/LF,2.2,Indians,2.2
28,179,149.2,Eric Lauer,,P,2.3,Padres,2.2
29,180,176,Brett Anderson,,P,2,Athletics,2.2
0,181,,Alex Verdugo,377,CF,2.2,Dodgers,2.2
1,182,,Rhys Hoskins,705,1B,2.2,Phillies,2.2
2,183,166.2,Anthony DeSclafani,,P,2.4,Reds,2.2
3,184,,Keston Hiura,348,2B,2.1,Brewers,2.1
4,185,,Tyler Flowers,310,C,2.1,Braves,2.1
5,186,197.1,Sandy Alcantara,,P,2.3,Marlins,2.1
6,187,69,Taylor Rogers,,P,2.1,Twins,2.1
7,188,,Luis Arraez,366,2B,2.1,Twins,2.1
8,189,71.2,Brandon Workman,,P,2.1,Red Sox,2.1
9,190,65,Nick Anderson,,P,2.1,- - -,2.1
10,191,60,Felipe Vazquez,,P,2.1,Pirates,2.1
11,192,144,Chris Bassitt,,P,2.1,Athletics,2
12,193,57,Aroldis Chapman,,P,2,Yankees,2
13,194,160.1,Steven Matz,,P,1.6,Mets,2
14,195,154.1,Trent Thornton,,P,1.9,Blue Jays,2
15,196,,Tommy La Stella,321,2B/3B,2,Angels,2
16,197,165.1,Tanner Roark,,P,2,- - -,2
17,198,,Andrew Benintendi,615,LF,2,Red Sox,2
18,199,,Evan Longoria,508,3B,2,Giants,2
19,200,174.1,Robbie Ray,,P,2.4,Diamondbacks,2
20,201,,Charlie Blackmon,634,RF,2,Rockies,2
21,202,167.1,Wade Miley,,P,2,Astros,2
22,203,,Ryan Braun,508,LF,1.9,Brewers,1.9
23,204,,Jason Heyward,589,RF/CF,1.9,Cubs,1.9
24,205,,Danny Santana,511,1B,1.9,Rangers,1.9
25,206,,Miguel Rojas,526,SS,1.9,Marlins,1.9
26,207,,Ji-Man Choi,487,1B,1.9,Rays,1.9
27,208,,Eric Thames,459,1B,1.9,Brewers,1.9
28,209,187,Ivan Nova,,P,2,White Sox,1.9
29,210,144.1,Daniel Norris,,P,1.9,Tigers,1.9
0,211,,Niko Goodrum,472,SS,1.9,Tigers,1.9
1,212,,Hunter Renfroe,494,RF/LF,1.9,Padres,1.9
2,213,143,Domingo German,,P,2,Yankees,1.9
3,214,,Brian Goodwin,458,CF/LF,1.9,Angels,1.9
4,215,,Carson Kelly,365,C,1.9,Diamondbacks,1.9
5,216,,Asdrubal Cabrera,514,3B,1.9,- - -,1.9
6,217,90.2,Ross Stripling,,P,1.8,Dodgers,1.9
7,218,,Jose Abreu,693,1B,1.9,White Sox,1.9
8,219,165.1,Martin Perez,,P,1.9,Twins,1.9
9,220,113.1,Steven Brault,,P,1.1,Pirates,1.9
10,221,,Eloy Jimenez,504,LF,1.9,White Sox,1.9
11,222,,Todd Frazier,499,3B,1.9,Mets,1.9
12,223,79.2,Tyler Skaggs,,P,1.8,Angels,1.8
13,224,,Buster Posey,445,C,1.8,Giants,1.8
14,225,,Avisail Garcia,530,RF,1.8,Rays,1.8
15,226,,Shohei Ohtani,425,DH,1.8,Angels,1.8
16,227,,Hunter Pence,316,DH,1.8,Rangers,1.8
17,228,,Lourdes Gurriel Jr.,343,LF,1.8,Blue Jays,1.8
18,229,,Omar Narvaez,482,C,1.8,Mariners,1.8
19,230,53,Ken Giles,,P,1.8,Blue Jays,1.8
20,231,64.1,Luke Weaver,,P,1.8,Diamondbacks,1.8
21,232,,Hanser Alberto,550,2B/3B,1.9,Orioles,1.8
22,233,72.2,Hansel Robles,,P,1.8,Angels,1.8
23,234,163.2,Joey Lucchesi,,P,2.1,Padres,1.8
24,235,,Harrison Bader,406,CF,1.8,Cardinals,1.8
25,236,,Shin-Soo Choo,660,RF/LF/DH,1.7,Rangers,1.7
26,237,150,Andrew Cashner,,P,1.8,- - -,1.7
27,238,,Bo Bichette,212,SS,1.7,Blue Jays,1.7
28,239,,Jon Berti,287,SS/CF,1.7,Marlins,1.7
29,240,,Chris Taylor,414,SS/LF,1.7,Dodgers,1.7
0,241,,Oscar Mercado,482,CF,1.7,Indians,1.7
1,242,,Cesar Hernandez,667,2B,1.7,Phillies,1.7
2,243,184.2,Mike Fiers,,P,1.7,Athletics,1.7
3,244,,David Peralta,423,LF,1.7,Diamondbacks,1.7
4,245,174.1,Rick Porcello,,P,1.8,Red Sox,1.7
5,246,,Andrelton Simmons,424,SS,1.7,Angels,1.7
6,247,,Luke Voit,510,1B/DH,1.7,Yankees,1.7
7,248,111.1,Pablo Lopez,,P,1.6,Marlins,1.7
8,249,,Will Smith,196,C,1.7,Dodgers,1.7
9,250,159.2,Zach Davies,,P,1.6,Brewers,1.6
10,251,,Victor Reyes,292,CF/LF,1.6,Tigers,1.6
11,252,,Jason Castro,275,C,1.6,Twins,1.6
12,253,,Brian Dozier,482,2B,1.7,Nationals,1.6
13,254,,Manuel Margot,441,CF,1.6,Padres,1.6
14,255,79.2,Julio Urias,,P,1.4,Dodgers,1.6
15,256,,Cameron Maybin,269,RF/LF,1.6,Yankees,1.6
16,257,,Daniel Vogelbach,558,1B/DH,1.6,Mariners,1.6
17,258,69,Chad Green,,P,1.6,Yankees,1.6
18,259,65,Roberto Osuna,,P,1.6,Astros,1.6
19,260,,Jose Iglesias,530,SS,1.6,Reds,1.6
20,261,74,Giovanny Gallegos,,P,1.6,Cardinals,1.6
21,262,,Travis d'Arnaud,391,C,1.6,- - -,1.6
22,263,,Yandy Diaz,347,1B/3B,1.5,Rays,1.5
23,264,114.2,Matt Strahm,,P,1.2,Padres,1.5
24,265,57.1,Brad Hand,,P,1.5,Indians,1.5
25,266,54.1,Ryan Pressly,,P,1.5,Astros,1.5
26,267,,Tyler Naquin,294,RF,1.5,Indians,1.5
27,268,111.1,Adrian Houser,,P,1.6,Brewers,1.5
28,269,,Dexter Fowler,574,RF/CF,1.5,Cardinals,1.5
29,270,,Andrew McCutchen,262,LF,1.5,Phillies,1.5
0,271,,Kevin Kiermaier,480,CF,1.5,Rays,1.5
1,272,,Austin Nola,267,1B,1.5,Mariners,1.5
2,273,,Lorenzo Cain,623,CF,1.5,Brewers,1.5
3,274,175.1,Jakob Junis,,P,1.5,Royals,1.5
4,275,,Dansby Swanson,545,SS,1.5,Braves,1.5
5,276,,David Bote,356,2B/3B,1.5,Cubs,1.5
6,277,57.2,Aaron Civale,,P,1.5,Indians,1.5
7,278,80,Zac Gallen,,P,1.6,- - -,1.5
8,279,70,Emilio Pagan,,P,1.5,Rays,1.5
9,280,,Kevin Pillar,645,CF,1.5,- - -,1.5
10,281,163.1,Zach Eflin,,P,1.5,Phillies,1.5
11,282,135.1,Trevor Richards,,P,1.5,- - -,1.5
12,283,183.1,Merrill Kelly,,P,2,Diamondbacks,1.5
13,284,149.2,Jason Vargas,,P,1.8,- - -,1.5
14,285,71.1,Wander Suero,,P,1.5,Nationals,1.5
15,286,,Ian Happ,156,PH/PR,1.5,Cubs,1.5
16,287,141,Jordan Lyles,,P,1.6,- - -,1.5
17,288,,Elvis Andrus,648,SS,1.4,Rangers,1.4
18,289,,Wilson Ramos,524,C,1.4,Mets,1.4
19,290,,David Freese,186,1B,1.4,Dodgers,1.4
20,291,,Marwin Gonzalez,463,3B/RF,1.4,Twins,1.4
21,292,133.1,Yonny Chirinos,,P,1.4,Rays,1.4
22,293,63.1,Ian Kennedy,,P,1.4,Royals,1.4
23,294,,Freddy Galvis,589,SS,1.4,- - -,1.4
24,295,,Austin Hedges,347,C,1.4,Padres,1.4
25,296,,Jackie Bradley Jr.,567,CF,1.4,Red Sox,1.4
26,297,,David Dahl,413,CF/LF,1.4,Rockies,1.4
27,298,83,Yusmeiro Petit,,P,1.4,Athletics,1.4
28,299,72.1,Ty Buttrey,,P,1.4,Angels,1.4
29,300,,Danny Jansen,384,C,1.4,Blue Jays,1.4
0,301,153.1,Caleb Smith,,P,1,Marlins,1.4
1,302,174.2,Julio Teheran,,P,1.6,Braves,1.4
2,303,,Greg Garcia,372,2B,1.4,Padres,1.4
3,304,,Victor Caratini,279,C/1B,1.4,Cubs,1.4
4,305,,Jacob Stallings,210,C,1.3,Pirates,1.4
5,306,181.1,Jeff Samardzija,,P,1.5,Giants,1.3
6,307,130.2,Danny Duffy,,P,1.3,Royals,1.3
7,308,68.2,Jose Leclerc,,P,1.3,Rangers,1.3
8,309,,Jurickson Profar,518,2B,1.3,Athletics,1.3
9,310,,Brock Holt,295,2B,1.3,Red Sox,1.3
10,311,102.1,Kevin Gausman,,P,1.6,- - -,1.3
11,312,72.2,John Brebbia,,P,1.3,Cardinals,1.3
12,313,,Jorge Alfaro,465,C,1.3,Marlins,1.3
13,314,69.2,Pedro Baez,,P,1.3,Dodgers,1.3
14,315,,Donovan Solano,228,2B/SS,1.3,Giants,1.3
15,316,112,Jordan Zimmermann,,P,1.3,Tigers,1.3
16,317,,Garrett Cooper,421,1B/RF,1.3,Marlins,1.3
17,318,65.1,Will Smith,,P,1.2,Giants,1.3
18,319,,Leury Garcia,618,RF/CF,1.3,White Sox,1.3
19,320,,Brandon Nimmo,254,CF/LF,1.3,Mets,1.3
20,321,,Jonathan Schoop,464,2B,1.3,Twins,1.3
21,322,,Starlin Castro,676,2B/3B,1.3,Marlins,1.3
22,323,66.1,Adam Ottavino,,P,1.3,Yankees,1.3
23,324,129.2,Tyler Mahle,,P,1.4,Reds,1.3
24,325,,Alex Avila,201,C,1.3,Diamondbacks,1.3
25,326,,J.P. Crawford,396,SS,1.3,Mariners,1.3
26,327,67.2,Aaron Bummer,,P,1.3,White Sox,1.3
27,328,90.1,Griffin Canning,,P,1.3,Angels,1.3
28,329,,Jarrod Dyson,452,CF,1.3,Diamondbacks,1.3
29,330,64.1,Matt Barnes,,P,1.3,Red Sox,1.3
0,331,73,Dinelson Lamet,,P,1.3,Padres,1.3
1,332,,Russell Martin,249,C,1.2,Dodgers,1.3
2,333,,Yasiel Puig,611,RF,1.2,- - -,1.2
3,334,,Teoscar Hernandez,464,CF/LF,1.2,Blue Jays,1.2
4,335,72.2,Luke Jackson,,P,1.2,Braves,1.2
5,336,67.1,Mark Melancon,,P,1.2,- - -,1.2
6,337,161.1,J.A. Happ,,P,1.3,Yankees,1.2
7,338,,Reese McGuire,105,C,1.2,Blue Jays,1.2
8,339,,Matt Carpenter,492,3B,1.2,Cardinals,1.2
9,340,87.1,Gio Gonzalez,,P,1.4,Brewers,1.2
10,341,,Matt Joyce,238,RF,1.2,Braves,1.2
11,342,57.2,Tyler Duffey,,P,1.2,Twins,1.2
12,343,,Brad Miller,170,2B/3B/LF,1.2,- - -,1.2
13,344,,Alex Gordon,633,LF,1.3,Royals,1.2
14,345,48.1,Carlos Martinez,,P,1.2,Cardinals,1.2
15,346,95.1,Andrew Heaney,,P,1.2,Angels,1.2
16,347,,Yadier Molina,452,C,1.2,Cardinals,1.2
17,348,,Luis Rengifo,406,2B,1.2,Angels,1.2
18,349,,Eddie Rosario,590,LF,1.2,Twins,1.2
19,350,,Enrique Hernandez,460,2B,1.2,Dodgers,1.2
20,351,63,Kenley Jansen,,P,1.2,Dodgers,1.1
21,352,61.1,Tommy Kahnle,,P,1.1,Yankees,1.1
22,353,,Aledmys Diaz,247,1B/2B,1.1,Astros,1.1
23,354,71.2,Archie Bradley,,P,1.1,Diamondbacks,1.1
24,355,70.1,Scott Barlow,,P,1.1,Royals,1.1
25,356,48,Mitch Keller,,P,1.3,Pirates,1.1
26,357,135.2,Jake Arrieta,,P,1.1,Phillies,1.1
27,358,139,Chase Anderson,,P,1.2,Brewers,1.1
28,359,,Jake Marisnick,318,CF,1.1,Astros,1.1
29,360,,Brian McCann,316,C,1.1,Braves,1.1
0,361,,Mitch Haniger,283,RF/CF,1.1,Mariners,1.1
1,362,60,Will Harris,,P,1.1,Astros,1.1
2,363,,Derek Dietrich,306,2B,1.1,Reds,1.1
3,364,,Wilmer Flores,285,2B,1.1,Diamondbacks,1.1
4,365,,Manny Pina,179,C,1.1,Brewers,1.1
5,366,67,Raisel Iglesias,,P,1.1,Reds,1.1
6,367,91.2,Brad Peacock,,P,1.1,Astros,1.1
7,368,103,Cal Quantrill,,P,1.3,Padres,1.1
8,369,145.2,Trevor Williams,,P,1,Pirates,1.1
9,370,,Aaron Hicks,255,CF,1.1,Yankees,1.1
10,371,,Jason Kipnis,511,2B,1.1,Indians,1.1
11,372,83.1,Michael Lorenzen,,P,1.2,Reds,1.1
12,373,52.2,Andrew Chafin,,P,1,Diamondbacks,1
13,374,55.2,Chris Martin,,P,1,- - -,1
14,375,56,Scott Oberg,,P,1.1,Rockies,1
15,376,,Aristides Aquino,225,RF,1,Reds,1
16,377,45.1,Kolby Allard,,P,1.1,Rangers,1
17,378,,Curt Casali,236,C,1,Reds,1
18,379,,Corey Dickerson,279,LF,1,- - -,1
19,380,,Yolmer Sanchez,555,2B,1,White Sox,1
20,381,,Josh Reddick,550,RF,1,Astros,1
21,382,62,Jake Diekman,,P,1,- - -,1
22,383,68.2,Diego Castillo,,P,1,Rays,1
23,384,78,Jesse Chavez,,P,0.9,Rangers,1
24,385,115.2,Zach Plesac,,P,1,Indians,1
25,386,58.2,Rich Hill,,P,0.9,Dodgers,1
26,387,,Jesse Winker,384,LF,1,Reds,1
27,388,,Cesar Puello,147,CF/LF,1,- - -,1
28,389,60.1,Sergio Romo,,P,1,- - -,1
29,390,67.2,Hector Neris,,P,1,Phillies,1
0,391,,Franmil Reyes,548,RF/DH,1,- - -,1
1,392,43.2,Austin Voth,,P,1,Nationals,1
2,393,,Mike Freeman,213,2B/3B,1,Indians,1
3,394,78,Marcus Walden,,P,1,Red Sox,1
4,395,80,Carlos Carrasco,,P,1,Indians,1
5,396,,Pablo Sandoval,296,1B/3B,1,Giants,0.9
6,397,53.2,Tyler Alexander,,P,0.9,Tigers,0.9
7,398,73,Daniel Hudson,,P,0.9,- - -,0.9
8,399,,Didi Gregorius,344,SS,0.9,Yankees,0.9
9,400,69,Joakim Soria,,P,0.9,Athletics,0.9
10,401,,Myles Straw,128,SS,0.9,Astros,0.9
11,402,52.2,Trevor Gott,,P,0.9,Giants,0.9
12,403,,Tim Locastro,250,RF/CF/LF,0.9,Diamondbacks,0.9
13,404,122.1,Ariel Jurado,,P,0.9,Rangers,0.9
14,405,,Jake Cave,228,RF/CF,0.9,Twins,0.9
15,406,,Ender Inciarte,230,CF,0.9,Braves,0.9
16,407,,Adam Haseley,242,CF/LF,0.9,Phillies,0.9
17,408,,A.J. Pollock,342,CF,0.9,Dodgers,0.9
18,409,,Austin Hays,75,CF,0.9,Orioles,0.9
19,410,67.2,Noe Ramirez,,P,0.9,Angels,0.9
20,411,57.2,Jairo Diaz,,P,0.9,Rockies,0.9
21,412,51,Chaz Roe,,P,0.9,Rays,0.9
22,413,82.1,Asher Wojciechowski,,P,0.9,Orioles,0.9
23,414,67.2,Buck Farmer,,P,0.9,Tigers,0.9
24,415,62.2,Shane Greene,,P,0.9,- - -,0.9
25,416,51.2,Taylor Cole,,P,0.9,Angels,0.9
26,417,62.1,Sam Dyson,,P,0.9,- - -,0.9
27,418,85,Freddy Peralta,,P,0.9,Brewers,0.9
28,419,66.1,John Gant,,P,0.9,Cardinals,0.9
29,420,,Stephen Vogt,280,C,0.9,Giants,0.9
0,421,34.2,Dustin May,,P,0.9,Dodgers,0.9
1,422,34.2,Carlos Rodon,,P,0.9,White Sox,0.9
2,423,47.1,Josh Taylor,,P,0.9,Red Sox,0.9
3,424,64.1,Trevor May,,P,0.9,Twins,0.9
4,425,,Ben Gamel,356,LF,0.9,Brewers,0.9
5,426,64.2,Robert Stephenson,,P,0.9,Reds,0.9
6,427,62.1,Brett Martin,,P,0.9,Rangers,0.9
7,428,54.1,Ryne Harper,,P,0.9,Twins,0.9
8,429,61.1,Zack Britton,,P,0.9,Yankees,0.9
9,430,57,Brandon Kintzler,,P,0.9,Cubs,0.9
10,431,,Adam Engel,248,CF,0.8,White Sox,0.8
11,432,41,Jose Urquidy,,P,0.9,Astros,0.8
12,433,,Chad Pinder,370,RF/LF,0.8,Athletics,0.8
13,434,37.1,Jameson Taillon,,P,0.8,Pirates,0.8
14,435,,Dominic Smith,197,1B/LF,0.8,Mets,0.8
15,436,,Robbie Grossman,482,LF,0.8,Athletics,0.8
16,437,197,Mike Leake,,P,1,- - -,0.8
17,438,,Delino DeShields,408,CF,0.8,Rangers,0.8
18,439,49,Brendan McKay,,P,0.8,Rays,0.8
19,440,,Yan Gomes,358,C,0.8,Nationals,0.8
20,441,61.1,Cam Bedrosian,,P,0.8,Angels,0.8
21,442,,Robinson Cano,423,2B,0.8,Mets,0.8
22,443,28.1,Randy Dobnak,,P,0.8,Twins,0.8
23,444,40,Tony Gonsolin,,P,0.6,Dodgers,0.8
24,445,,Martin Maldonado,374,C,0.8,- - -,0.8
25,446,131.1,Aaron Sanchez,,P,0.8,- - -,0.8
26,447,54.1,Brad Brach,,P,0.7,- - -,0.8
27,448,29.2,Sean Manaea,,P,0.8,Athletics,0.8
28,449,112.2,Dallas Keuchel,,P,0.8,Braves,0.8
29,450,,Austin Romine,240,C,0.9,Yankees,0.8
0,451,33.1,Rowan Wick,,P,0.7,Cubs,0.7
1,452,76.2,Tyler Chatwood,,P,0.6,Cubs,0.7
2,453,,Nick Senzel,414,CF,0.7,Reds,0.7
3,454,77,Ryne Stanek,,P,0.7,- - -,0.7
4,455,,Lane Thomas,44,CF,0.7,Cardinals,0.7
5,456,78.2,Jordan Yamamoto,,P,0.9,Marlins,0.7
6,457,72,Luis Perdomo,,P,0.7,Padres,0.7
7,458,,Adeiny Hechavarria,221,2B/SS,0.7,- - -,0.7
8,459,,Tucker Barnhart,364,C,0.7,Reds,0.7
9,460,,Adam Duvall,130,LF,0.7,Braves,0.7
10,461,,Mike Ford,163,1B/DH,0.8,Yankees,0.7
11,462,32,Austin Adams,,P,0.7,- - -,0.7
12,463,,Anthony Santander,405,RF/LF,0.7,Orioles,0.7
13,464,174.2,Dakota Hudson,,P,1,Cardinals,0.7
14,465,,Seth Brown,83,LF,0.7,Athletics,0.7
15,466,,Austin Barnes,242,C,0.7,Dodgers,0.7
16,467,62,Tyler Clippard,,P,0.7,Indians,0.7
17,468,109.1,Adam Plutko,,P,0.7,Indians,0.7
18,469,,Austin Slater,192,RF,0.7,Giants,0.7
19,470,60,Sean Doolittle,,P,0.7,Nationals,0.7
20,471,,Shed Long,168,2B/LF,0.7,Mariners,0.7
21,472,119.2,Chris Archer,,P,0.7,Pirates,0.7
22,473,,Mitch Moreland,335,1B,0.7,Red Sox,0.7
23,474,56.2,Reyes Moronta,,P,0.7,Giants,0.7
24,475,,Joey Votto,608,1B,0.7,Reds,0.7
25,476,73,Dylan Cease,,P,0.7,White Sox,0.7
26,477,78,Jacob Waguespack,,P,0.7,Blue Jays,0.7
27,478,,Michael Chavis,382,1B/2B,0.7,Red Sox,0.7
28,479,70.2,Matt Andriese,,P,0.7,Diamondbacks,0.7
29,480,51,Trey Wingenter,,P,0.7,Padres,0.7
0,481,,Dustin Garneau,101,C,0.7,- - -,0.7
1,482,27.2,Lewis Thorpe,,P,0.7,Twins,0.7
2,483,64,Joe Ross,,P,0.7,Nationals,0.7
3,484,61,Kyle Ryan,,P,0.6,Cubs,0.7
4,485,37.2,David Hale,,P,0.7,Yankees,0.7
5,486,72,Carlos Estevez,,P,0.6,Rockies,0.6
6,487,,Sean Murphy,60,C,0.6,Athletics,0.6
7,488,117.1,Vince Velasquez,,P,0.6,Phillies,0.6
8,489,49.2,Andrew Kittredge,,P,0.6,Rays,0.6
9,490,61,Alex Colome,,P,0.6,White Sox,0.6
10,491,,Kurt Suzuki,309,C,0.6,Nationals,0.6
11,492,,Jordy Mercer,271,SS,0.6,Tigers,0.6
12,493,51.2,Colin Poche,,P,0.6,Rays,0.6
13,494,37,Zack Littell,,P,0.6,Twins,0.6
14,495,,Ehire Adrianza,236,3B/SS,0.6,Twins,0.6
15,496,59.2,Daniel Mengden,,P,0.6,Athletics,0.6
16,497,50.2,Matt Magill,,P,0.6,- - -,0.6
17,498,32.2,J.B. Wendelken,,P,0.6,Athletics,0.6
18,499,,Phillip Ervin,260,LF,0.6,Reds,0.6
19,500,28.2,Matt Shoemaker,,P,0.6,Blue Jays,0.6
20,501,,Terrance Gore,58,RF/LF,0.6,Royals,0.6
21,502,40.2,Oliver Perez,,P,0.6,Indians,0.6
22,503,,Michael Brosseau,142,2B/3B,0.7,Rays,0.6
23,504,,Ryan McMahon,539,2B,0.6,Rockies,0.6
24,505,,Matt Beaty,268,1B/LF,0.6,Dodgers,0.6
25,506,,Jay Bruce,333,RF/LF,0.6,- - -,0.6
26,507,35.2,Corey Kluber,,P,0.6,Indians,0.6
27,508,84.1,Wilmer Font,,P,0.5,- - -,0.6
28,509,,Trent Grisham,183,RF/CF/LF,0.6,Brewers,0.6
29,510,46.2,Dylan Floro,,P,0.6,Dodgers,0.6
0,511,,Abraham Almonte,38,RF/CF,0.6,Diamondbacks,0.6
1,512,,Renato Nunez,599,DH,0.6,Orioles,0.6
2,513,58,Shawn Armstrong,,P,0.6,- - -,0.6
3,514,,Joey Wendle,263,2B/3B,0.6,Rays,0.6
4,515,48,Anthony Bass,,P,0.6,Mariners,0.6
5,516,56,Oliver Drake,,P,0.5,Rays,0.6
6,517,,Stephen Piscotty,393,RF,0.6,Athletics,0.6
7,518,,Sam Hilliard,87,CF,0.6,Rockies,0.6
8,519,55.1,Richard Bleier,,P,0.5,Orioles,0.5
9,520,30.1,Darwinzon Hernandez,,P,0.5,Red Sox,0.5
10,521,,Randal Grichuk,628,RF/CF,0.5,Blue Jays,0.5
11,522,74.2,Collin McHugh,,P,0.5,Astros,0.5
12,523,63,Mychal Givens,,P,0.5,Orioles,0.5
13,524,17.2,Tyler Rogers,,P,0.5,Giants,0.5
14,525,96.1,Felix Pena,,P,0.6,Angels,0.5
15,526,,Addison Russell,241,2B/SS,0.5,Cubs,0.5
16,527,12,Luis Severino,,P,0.5,Yankees,0.5
17,528,,Wil Myers,490,CF/LF,0.5,Padres,0.5
18,529,,Francisco Mejia,244,C,0.5,Padres,0.5
19,530,60.1,Kevin McCarthy,,P,0.5,Royals,0.5
20,531,89.1,Peter Lambert,,P,0.1,Rockies,0.5
21,532,,Pedro Severino,341,C,0.5,Orioles,0.5
22,533,96,Shaun Anderson,,P,0.6,Giants,0.5
23,534,,Magneuris Sierra,42,RF/CF,0.5,Marlins,0.5
24,535,39.2,Tim Hill,,P,0.5,Royals,0.5
25,536,,Willie Calhoun,337,LF,0.5,Rangers,0.5
26,537,49,Devin Smeltzer,,P,0.5,Twins,0.5
27,538,61.1,Joshua James,,P,0.5,Astros,0.5
28,539,46.2,Jefry Rodriguez,,P,0.5,Indians,0.5
29,540,48.2,Daniel Ponce de Leon,,P,0.6,Cardinals,0.5
0,541,39.2,Logan Webb,,P,0.5,Giants,0.5
1,542,55.1,Robbie Erlin,,P,0.5,Padres,0.5
2,543,,Kyle Tucker,72,RF/LF,0.5,Astros,0.5
3,544,53,Yoshihisa Hirano,,P,0.5,Diamondbacks,0.5
4,545,25,Cody Stashak,,P,0.5,Twins,0.5
5,546,24.1,Kevin Ginkel,,P,0.5,Diamondbacks,0.5
6,547,50.2,Evan Marshall,,P,0.5,White Sox,0.5
7,548,117,Mike Foltynewicz,,P,0.8,Braves,0.5
8,549,,Nomar Mazara,469,RF,0.5,Rangers,0.5
9,550,,Alex Dickerson,190,LF,0.5,- - -,0.5
10,551,,Kyle Lewis,75,RF,0.5,Mariners,0.5
11,552,23,Sam Tuivailala,,P,0.5,Mariners,0.5
12,553,,Nathaniel Lowe,169,1B/DH,0.5,Rays,0.5
13,554,18.1,Brent Suter,,P,0.5,Brewers,0.5
14,555,,Dee Gordon,421,2B,0.5,Mariners,0.5
15,556,50.2,Jarlin Garcia,,P,0.5,Marlins,0.5
16,557,28.2,Jordan Hicks,,P,0.5,Cardinals,0.5
17,558,10,Matt Moore,,P,0.5,Tigers,0.5
18,559,63.2,Robert Gsellman,,P,0.4,Mets,0.5
19,560,18,Rogelio Armenteros,,P,0.5,Astros,0.5
20,561,,Brandon Belt,616,1B,0.5,Giants,0.5
21,562,,Billy Hamilton,353,CF,0.4,- - -,0.4
22,563,,Tim Lopes,128,LF,0.4,Mariners,0.4
23,564,25,Joe Smith,,P,0.4,Astros,0.4
24,565,57.2,Nick Wittgren,,P,0.4,Indians,0.4
25,566,29.2,Keone Kela,,P,0.4,Pirates,0.4
26,567,48.2,Ranger Suarez,,P,0.4,Phillies,0.4
27,568,,Nick Solak,135,3B/DH,0.4,Rangers,0.4
28,569,47.1,Juan Nicasio,,P,0.5,Phillies,0.4
29,570,14,Anthony Kay,,P,0.4,Blue Jays,0.4
0,571,104,Drew Pomeranz,,P,0.7,- - -,0.4
1,572,,Edwin Rios,56,1B/3B,0.4,Dodgers,0.4
2,573,51.1,Matt Wisler,,P,0.4,- - -,0.4
3,574,56,Amir Garrett,,P,0.4,Reds,0.4
4,575,79.2,Nick Ramirez,,P,0.4,Tigers,0.4
5,576,,Vladimir Guerrero Jr.,514,3B,0.4,Blue Jays,0.4
6,577,82,Craig Stammen,,P,0.4,Padres,0.4
7,578,73.1,Miguel Castro,,P,0.4,Orioles,0.4
8,579,107.1,CC Sabathia,,P,0.4,Yankees,0.4
9,580,23.1,Emmanuel Clase,,P,0.4,Rangers,0.4
10,581,83.1,Alex Young,,P,0.6,Diamondbacks,0.4
11,582,,Sean Rodriguez,139,3B,0.4,Phillies,0.4
12,583,,Dylan Moore,282,SS/LF,0.4,Mariners,0.4
13,584,70,Francisco Liriano,,P,0.3,Pirates,0.4
14,585,,Neil Walker,381,1B/3B,0.4,Marlins,0.4
15,586,,Harold Ramirez,446,RF/LF,0.4,Marlins,0.4
16,587,59,Jose Alvarez,,P,0.4,Phillies,0.4
17,588,23,Andres Munoz,,P,0.4,Padres,0.4
18,589,17.1,Zac Grotz,,P,0.4,Mariners,0.4
19,590,51.1,Joe Kelly,,P,0.4,Dodgers,0.4
20,591,29,Rafael Montero,,P,0.4,Rangers,0.4
21,592,,Brandon Crawford,560,SS,0.4,Giants,0.4
22,593,,Kyle Higashioka,57,C,0.4,Yankees,0.4
23,594,41.1,Jonathan Holder,,P,0.4,Yankees,0.4
24,595,84.2,Jose Urena,,P,0.6,Marlins,0.4
25,596,,Nick Markakis,469,RF,0.4,Braves,0.4
26,597,47.2,Fernando Rodney,,P,0.4,- - -,0.4
27,598,67.2,Javy Guerra,,P,0.4,- - -,0.4
28,599,110,Aaron Brooks,,P,0.4,- - -,0.4
29,600,,Tim Beckham,328,SS,0.4,Mariners,0.4
0,601,,Rio Ruiz,413,3B,0.4,Orioles,0.4
1,602,,Giancarlo Stanton,72,LF/DH,0.4,Yankees,0.4
2,603,36,Alec Mills,,P,0.4,Cubs,0.4
3,604,51.1,Kelvin Herrera,,P,0.4,White Sox,0.4
4,605,36.2,Jon Duplantier,,P,0.4,Diamondbacks,0.4
5,606,30.1,Stefan Crichton,,P,0.3,Diamondbacks,0.3
6,607,42.2,David Hernandez,,P,0.3,Reds,0.3
7,608,,Cam Gallagher,142,C,0.3,Royals,0.3
8,609,,Tyler Wade,108,2B/LF,0.3,Yankees,0.3
9,610,,Kyle Garlick,53,RF/LF,0.3,Dodgers,0.3
10,611,52,Jeremy Jeffress,,P,0.3,Brewers,0.3
11,612,,Jose Martinez,373,RF,0.3,Cardinals,0.3
12,613,43,Lucas Sims,,P,0.4,Reds,0.3
13,614,104.1,Jalen Beeks,,P,0.4,Rays,0.3
14,615,8.2,Nick Burdi,,P,0.3,Pirates,0.3
15,616,,Rougned Odor,581,2B,0.3,Rangers,0.3
16,617,28,Evan Phillips,,P,0.3,Orioles,0.3
17,618,21,Tony Sipp,,P,0.3,Nationals,0.3
18,619,37.1,Jimmy Cordero,,P,0.3,- - -,0.3
19,620,59.2,Joe Jimenez,,P,0.3,Tigers,0.3
20,621,12,Jesus Luzardo,,P,0.3,Athletics,0.3
21,622,83.2,Junior Guerra,,P,0.3,Brewers,0.3
22,623,,Andrew Stevenson,37,LF,0.3,Nationals,0.3
23,624,,Tyler Austin,179,1B/LF,0.3,- - -,0.3
24,625,40.2,Ryan Weber,,P,0.3,Red Sox,0.3
25,626,32,Matt Bowman,,P,0.3,Reds,0.3
26,627,36,Justus Sheffield,,P,0.3,Mariners,0.3
27,628,68.1,Sean Newcomb,,P,0.4,Braves,0.3
28,629,,Mike Zunino,289,C,0.3,Rays,0.3
29,630,39,Justin Wilson,,P,0.3,Mets,0.3
0,631,,C.J. Cron,499,1B,0.3,Twins,0.3
1,632,55.2,Ryan Brasier,,P,0.3,Red Sox,0.3
2,633,23.1,Travis Lakins,,P,0.3,Red Sox,0.3
3,634,26,Gerardo Reyes,,P,0.3,Padres,0.3
4,635,47,Justin Anderson,,P,0.3,Angels,0.3
5,636,,Tony Kemp,279,2B,0.3,- - -,0.3
6,637,,Josh Phegley,342,C,0.3,Athletics,0.3
7,638,39.1,Patrick Sandoval,,P,0.3,Angels,0.3
8,639,,Brett Phillips,79,CF,0.3,Royals,0.3
9,640,21.2,Jason Adam,,P,0.3,Blue Jays,0.3
10,641,,Chad Wallach,54,C,0.3,Marlins,0.3
11,642,,Charlie Culberson,144,LF,0.3,Braves,0.3
12,643,,Jeimer Candelario,386,3B,0.3,Tigers,0.3
13,644,60,Lou Trivino,,P,0.3,Athletics,0.3
14,645,,Abraham Toro,89,3B,0.3,Astros,0.3
15,646,56.2,Adam Cimber,,P,0.3,Indians,0.3
16,647,22.2,T.J. Zeuch,,P,0.3,Blue Jays,0.3
17,648,55.1,Cory Gearrin,,P,0.3,- - -,0.3
18,649,,Guillermo Heredia,231,RF/CF,0.3,Rays,0.3
19,650,,Alex Blandino,50,2B,0.3,Reds,0.3
20,651,57.1,Paul Fry,,P,0.3,Orioles,0.3
21,652,10,Harrison Musgrave,,P,0.3,Rockies,0.3
22,653,,Ryan McBroom,83,1B/RF,0.3,Royals,0.3
23,654,29.2,Adam Morgan,,P,0.3,Phillies,0.3
24,655,19.2,Paul Sewald,,P,0.3,Mets,0.2
25,656,125.1,Adrian Sampson,,P,0.3,Rangers,0.2
26,657,40.2,Nick Goody,,P,0.2,Indians,0.2
27,658,58,Drew VerHagen,,P,0.2,Tigers,0.2
28,659,26,A.J. Cole,,P,0.2,Indians,0.2
29,660,11.1,A.J. Puk,,P,0.2,Athletics,0.2
0,661,,Ben Zobrist,176,2B,0.2,Cubs,0.2
1,662,56.1,Hector Velazquez,,P,0.2,Red Sox,0.2
2,663,8.2,Bryan Abreu,,P,0.2,Astros,0.2
3,664,26.1,David McKay,,P,0.2,- - -,0.2
4,665,69,Chris Devenski,,P,0.2,Astros,0.2
5,666,,Austin Riley,297,LF,0.2,Braves,0.2
6,667,22.1,Tanner Anderson,,P,0.2,Athletics,0.2
7,668,,Randy Arozarena,23,RF/CF,0.2,Cardinals,0.2
8,669,47,Austin Pruitt,,P,0.2,Rays,0.2
9,670,,Andrew Knapp,160,C,0.2,Phillies,0.2
10,671,45.1,Hunter Wood,,P,0.2,- - -,0.2
11,672,,Ryan Lavarnway,19,C,0.2,Reds,0.2
12,673,,Josh VanMeter,260,LF,0.2,Reds,0.2
13,674,,Nico Hoerner,82,SS,0.2,Cubs,0.2
14,675,,Gavin Lux,82,2B,0.2,Dodgers,0.2
15,676,161.2,Yusei Kikuchi,,P,0.2,Mariners,0.2
16,677,,Luis Guillorme,70,2B/SS,0.2,Mets,0.2
17,678,,Mauricio Dubon,111,2B/SS,0.2,- - -,0.2
18,679,,Ryan Goins,163,3B/SS,0.2,White Sox,0.2
19,680,24.1,Jandel Gustave,,P,0.2,Giants,0.2
20,681,,Kevin Plawecki,174,C,0.2,Indians,0.2
21,682,,Ronny Rodriguez,294,2B/SS,0.2,Tigers,0.2
22,683,,Seth Mejias-Brean,33,1B/SS,0.2,Padres,0.2
23,684,,Danny Mendick,40,SS/DH,0.2,White Sox,0.2
24,685,124.2,Antonio Senzatela,,P,0.7,Rockies,0.2
25,686,,Justin Smoak,500,1B/DH,0.2,Blue Jays,0.2
26,687,,Logan Forsythe,367,1B/3B,0.2,Rangers,0.2
27,688,,Franchy Cordero,20,RF/CF,0.2,Padres,0.2
28,689,,Joe Panik,491,2B,0.2,- - -,0.2
29,690,50.2,Mike Morin,,P,0.2,- - -,0.2
0,691,35.1,Jose Cisnero,,P,0.2,Tigers,0.2
1,692,24.2,Seranthony Dominguez,,P,0.2,Phillies,0.2
2,693,,Thairo Estrada,69,2B/SS,0.2,Yankees,0.2
3,694,117,Tyler Beede,,P,0.2,Giants,0.2
4,695,64,Steve Cishek,,P,0.2,Cubs,0.2
5,696,48.1,Tanner Rainey,,P,0.2,Nationals,0.2
6,697,32.1,Jacob Webb,,P,0.2,Braves,0.2
7,698,41.2,Cole Irvin,,P,0.1,Phillies,0.2
8,699,36.2,Ryan Helsley,,P,0.1,Cardinals,0.2
9,700,,Domingo Leyba,30,2B,0.2,Diamondbacks,0.2
10,701,,Breyvic Valera,52,2B,0.2,- - -,0.2
11,702,25,D.J. Johnson,,P,0.2,Rockies,0.2
12,703,55,Adam Kolarek,,P,0.2,- - -,0.2
13,704,27.2,Juan Minaya,,P,0.2,White Sox,0.2
14,705,5.1,Tommy Hunter,,P,0.2,Phillies,0.2
15,706,5.1,Pedro Avila,,P,0.2,Padres,0.2
16,707,30,Jose Alvarado,,P,0.2,Rays,0.2
17,708,,Cristhian Adames,24,2B/3B,0.1,Giants,0.1
18,709,9.2,Brusdar Graterol,,P,0.1,Twins,0.1
19,710,29.2,Michel Baez,,P,0.1,Padres,0.1
20,711,7.1,Cole Sulser,,P,0.1,Rays,0.1
21,712,55,Tyler Webb,,P,0.1,Cardinals,0.1
22,713,47.1,Brandon Brennan,,P,0.1,Mariners,0.1
23,714,59,Clay Buchholz,,P,0.1,Blue Jays,0.1
24,715,95.2,Sam Gaviglio,,P,0.1,Blue Jays,0.1
25,716,,Tyrone Taylor,12,RF/CF,0.1,Brewers,0.1
26,717,,Jacob Nottingham,7,C,0.1,Brewers,0.1
27,718,5.1,Darren O'Day,,P,0.1,Braves,0.1
28,719,,Brian O'Grady,48,CF/LF,0.1,Reds,0.1
29,720,76,Chris Stratton,,P,0.2,- - -,0.1
0,721,6.1,Cody Reed,,P,0.1,Reds,0.1
1,722,,Michael Hermosillo,46,LF,0.1,Angels,0.1
2,723,5.1,James Karinchak,,P,0.1,Indians,0.1
3,724,19.2,Ryan Burr,,P,0.1,White Sox,0.1
4,725,63.2,Chad Bettis,,P,0.1,Rockies,0.1
5,726,78,Erick Fedde,,P,0.2,Nationals,0.1
6,727,,Kristopher Negron,82,RF,0.1,- - -,0.1
7,728,10.1,James Pazos,,P,0.1,Rockies,0.1
8,729,,Christian Colon,8,2B,0.1,Reds,0.1
9,730,5.1,Nathan Karns,,P,0.1,Orioles,0.1
10,731,20,Buddy Boshers,,P,0.1,Blue Jays,0.1
11,732,,Luis Urias,249,2B/SS,0.1,Padres,0.1
12,733,,Rowdy Tellez,409,1B/DH,0.1,Blue Jays,0.1
13,734,,Francisco Cervelli,160,C,0.1,- - -,0.1
14,735,,Tyler Heineman,12,C,0.1,Marlins,0.1
15,736,,Clint Frazier,246,RF/LF,0.1,Yankees,0.1
16,737,49,Luke Bard,,P,0.1,Angels,0.1
17,738,9.2,Brian Schlitter,,P,0.1,Athletics,0.1
18,739,15.2,Josh Lucas,,P,0.1,Orioles,0.1
19,740,20,Richard Lovelady,,P,0.1,Royals,0.1
20,741,8,Adrian Morejon,,P,0.1,Padres,0.1
21,742,,Sheldon Neuse,61,2B,0.1,Athletics,0.1
22,743,,Colin Moran,503,3B,0.1,Pirates,0.1
23,744,16.1,Chris Mazza,,P,0.1,Mets,0.1
24,745,,Roman Quinn,122,CF,0.1,Phillies,0.1
25,746,79.1,Josh Tomlin,,P,0.2,Braves,0.1
26,747,34.1,David Phelps,,P,0.1,- - -,0.1
27,748,14.2,Dan Altavilla,,P,0.1,Mariners,0.1
28,749,6.2,Locke St. John,,P,0.1,Rangers,0.1
29,750,6.1,Hunter Harvey,,P,0.1,Orioles,0.1
0,751,,Ryan Zimmerman,190,1B,0.1,Nationals,0.1
1,752,31.2,Jonathan Loaisiga,,P,0.1,Yankees,0.1
2,753,5.1,Art Warren,,P,0.1,Mariners,0.1
3,754,70.2,Framber Valdez,,P,0.1,Astros,0.1
4,755,,Beau Taylor,30,C,0.1,- - -,0.1
5,756,12.2,Josh D. Smith,,P,0.1,- - -,0.1
6,757,32.1,Jeffrey Springs,,P,0.1,Rangers,0.1
7,758,23.2,Connor Sadzeck,,P,0.1,Mariners,0.1
8,759,3.1,Aaron Loup,,P,0.1,Padres,0.1
9,760,30.2,Tyler Olson,,P,0.1,Indians,0.1
10,761,3.2,Hoby Milner,,P,0.1,Rays,0.1
11,762,,Kevin Cron,78,1B,0.1,Diamondbacks,0.1
12,763,,Cory Spangenberg,102,2B,0.1,Brewers,0.1
13,764,7,Thyago Vieira,,P,0.1,White Sox,0.1
14,765,15.2,Ruben Alaniz,,P,0,- - -,0.1
15,766,8.2,Cody Anderson,,P,0.1,Indians,0.1
16,767,,Matt Thaiss,164,3B,0.1,Angels,0.1
17,768,104.1,Kyle Freeland,,P,0.1,Rockies,0.1
18,769,5.2,Luke Gregerson,,P,0.1,Cardinals,0.1
19,770,7.1,Ben Heller,,P,0.1,Yankees,0.1
20,771,21.1,JT Chargois,,P,0.1,Dodgers,0.1
21,772,14.1,Ian Gibaut,,P,0.1,- - -,0.1
22,773,,Robel Garcia,80,2B,0.1,Cubs,0.1
23,774,57.2,Gregory Soto,,P,-0.1,Tigers,0.1
24,775,9.1,Jeremy Walker,,P,0.1,Braves,0.1
25,776,14.1,Randy Rosario,,P,0.1,- - -,0.1
26,777,14.2,Taylor Williams,,P,0.1,Brewers,0.1
27,778,46.1,Casey Sadler,,P,0.1,- - -,0.1
28,779,,Greg Allen,256,LF,0.1,Indians,0.1
29,780,4,Anthony Banda,,P,0.1,Rays,0.1
0,781,4,Jordan Montgomery,,P,0.1,Yankees,0.1
1,782,6.2,Justin Dunn,,P,0.1,Mariners,0.1
2,783,39.2,Heath Hembree,,P,0.1,Red Sox,0.1
3,784,,Ryan LaMarre,26,CF,0.1,Twins,0.1
4,785,2,Chasen Shreve,,P,0,Cardinals,0.1
5,786,44.2,Nick Vincent,,P,0.1,- - -,0.1
6,787,92,Zack Godley,,P,-0.1,- - -,0.1
7,788,7.1,Phillip Diehl,,P,0.1,Rockies,0.1
8,789,81,Luis Cessa,,P,0.1,Yankees,0.1
9,790,,Jorge Bonifacio,21,RF,0.1,Royals,0.1
10,791,0.2,Dellin Betances,,P,0.1,Yankees,0.1
11,792,10.2,Eduardo Jimenez,,P,0.1,Tigers,0.1
12,793,11.2,Eric Yardley,,P,0.1,Padres,0.1
13,794,,Michael Perez,55,C,0.1,Rays,0.1
14,795,3.1,Danny Hultzen,,P,0.1,Cubs,0.1
15,796,7.2,Keynan Middleton,,P,0.1,Angels,0.1
16,797,27.2,Logan Allen,,P,0,- - -,0.1
17,798,56.1,Michael Feliz,,P,0.1,Pirates,0.1
18,799,58,Edwin Diaz,,P,0,Mets,0
19,800,1,Taijuan Walker,,P,0,Diamondbacks,0
20,801,13.1,Luke Farrell,,P,0,Rangers,0
21,802,26.1,Tanner Scott,,P,0,Orioles,0
22,803,,Rene Rivera,20,C,0,Mets,0
23,804,21,Peter Fairbanks,,P,0,- - -,0
24,805,111.2,Tommy Milone,,P,0.1,Mariners,0
25,806,13,John Schreiber,,P,0,Tigers,0
26,807,40,Jose Ruiz,,P,0,White Sox,0
27,808,41.2,Pedro Strop,,P,0,Cubs,0
28,809,9.2,Joel Kuhnel,,P,0.1,Reds,0
29,810,63,Chi Chi Gonzalez,,P,0.3,Rockies,0
0,811,,Troy Tulowitzki,13,SS,0,Yankees,0
1,812,,Garrett Stubbs,39,C/LF,0,Astros,0
2,813,3.2,Keury Mella,,P,0,Reds,0
3,814,6.1,Brian Moran,,P,0,Marlins,0
4,815,20.1,Genesis Cabrera,,P,0.1,Cardinals,0
5,816,,Tyler O'Neill,151,LF,0,Cardinals,0
6,817,,Ian Miller,17,CF,0,Twins,0
7,818,,Domingo Santana,507,RF/LF,0,Mariners,0
8,819,,Mallex Smith,566,CF,0,Mariners,0
9,820,,Cole Tucker,159,SS,0,Pirates,0
10,821,2,Michael King,,P,0,Yankees,0
11,822,16.1,Trevor Hildenberger,,P,0,Twins,0
12,823,,Josh Rojas,157,LF,0,Diamondbacks,0
13,824,4,Jose De Leon,,P,0,Rays,0
14,825,,Caleb Joseph,41,C,0,Diamondbacks,0
15,826,,John Ryan Murphy,70,C,0.2,- - -,0
16,827,29.1,Brian Flynn,,P,0,Royals,0
17,828,51.1,Tim Mayza,,P,0,Blue Jays,0
18,829,1,Matt Ramsey,,P,0,Angels,0
19,830,11.2,Duane Underwood Jr.,,P,0,Cubs,0
20,831,,Luis Torrens,16,C,0,Padres,0
21,832,,Johnny Davis,4,CF/LF,0,Rays,0
22,833,55,Jace Fry,,P,0,White Sox,0
23,834,,Erick Mejia,27,CF,0,Royals,0
24,835,4.2,Victor Arano,,P,0,Phillies,0
25,836,60.2,Derek Law,,P,0,Blue Jays,0
26,837,8.1,Sean Poppen,,P,0,Twins,0
27,838,7.1,Brooks Pounders,,P,0,Mets,0
28,839,8.1,James Hoyt,,P,0,Indians,0
29,840,4,Joel Payamps,,P,0,Diamondbacks,0
0,841,15.1,Jeanmar Gomez,,P,0,Rangers,0
1,842,21.1,Cy Sneed,,P,0,Astros,0
2,843,,Edmundo Sosa,10,2B,0,Cardinals,0
3,844,1,Sandy Baez,,P,0,Tigers,0
4,845,,Christian Arroyo,57,3B,0,Rays,0
5,846,1.2,Jorge Alcala,,P,0,Twins,0
6,847,5.2,Wei-Chieh Huang,,P,0,Rangers,0
7,848,,Michael A. Taylor,97,CF,0,Nationals,0
8,849,73,Thomas Pannone,,P,0,Blue Jays,0
9,850,1,Chris Ellis,,P,0,Royals,0
10,851,82.1,Elieser Hernandez,,P,0.1,Marlins,0
11,852,18.1,Jimmie Sherfy,,P,0,Diamondbacks,0
12,853,39,Jeremy Hellickson,,P,-0.1,Nationals,0
13,854,8,JC Ramirez,,P,0,Angels,0
14,855,0,Andrew Vasquez,,P,0,Twins,0
15,856,26.2,Brad Boxberger,,P,0,Royals,0
16,857,,Jake Lamb,226,1B/3B,0,Diamondbacks,0
17,858,,Tzu-Wei Lin,22,2B,0,Red Sox,0
18,859,,Billy McKinney,276,RF/LF,0,Blue Jays,0
19,860,7.2,Donnie Hart,,P,0,- - -,0
20,861,11.2,Bobby Poyner,,P,0,Red Sox,0
21,862,67.2,Josh Osich,,P,0,White Sox,0
22,863,0.2,Jose Castillo,,P,0,Padres,0
23,864,2.1,John Curtiss,,P,0,Angels,0
24,865,2.2,Fernando Salas,,P,0,Phillies,0
25,866,22,Pedro Payano,,P,0,Rangers,0
26,867,5.1,Enderson Franco,,P,0,Giants,0
27,868,21,Dillon Tate,,P,0,Orioles,0
28,869,32.1,Jerry Blevins,,P,0,Braves,0
29,870,3.1,David Carpenter,,P,0,Rangers,0
0,871,8.2,Tim Collins,,P,0,Cubs,0
1,872,,Derek Fisher,167,LF,0,- - -,0
2,873,14,Fernando Romero,,P,0,Twins,0
3,874,,Ildemaro Vargas,211,2B,0,Diamondbacks,0
4,875,8,Jake Petricka,,P,0,Brewers,0
5,876,23.1,Matt Hall,,P,0,Tigers,0
6,877,59.2,Matt Albers,,P,0,Brewers,0
7,878,,Joe Hudson,1,PH/PR,0,Cardinals,0
8,879,,Rajai Davis,26,LF,0,Mets,0
9,880,,Rob Brantly,1,PH/PR,0,Phillies,0
10,881,,Dylan Cozens,1,PH/PR,0,Phillies,0
11,882,18,Zac Rosscup,,P,0,- - -,0
12,883,,Kelvin Gutierrez,79,3B,0,Royals,0
13,884,0.2,James Bourque,,P,0,Nationals,0
14,885,35.1,Tyson Ross,,P,0,Tigers,0
15,886,31.1,Adalberto Mejia,,P,0,- - -,0
16,887,9.1,James Norwood,,P,0,Cubs,0
17,888,,Jason Martin,40,LF,0,Pirates,0
18,889,13.2,Chris Flexen,,P,-0.1,Mets,0
19,890,54.2,Colten Brewer,,P,0,Red Sox,0
20,891,16.2,Jonathan Hernandez,,P,0,Rangers,0
21,892,2,Adonis Rosa,,P,0,Yankees,0
22,893,29,Daniel Stumpf,,P,0,Tigers,0
23,894,103.1,Jhoulys Chacin,,P,-0.1,- - -,0
24,895,13.2,Devin Williams,,P,0,Brewers,0
25,896,6,Carlos Torres,,P,0,Tigers,0
26,897,,Ronald Torreyes,17,SS,0,Twins,0
27,898,3,Huascar Ynoa,,P,0,Braves,0
28,899,6.2,Bryan Garcia,,P,0,Tigers,0
29,900,2,Xavier Cedeno,,P,0,Cubs,0
0,901,40.1,Brian Johnson,,P,0,Red Sox,0
1,902,,Wilkin Castillo,7,C,0,Marlins,0
2,903,17.2,Mike Dunn,,P,0,Rockies,0
3,904,,Noel Cuevas,2,LF,0,Rockies,0
4,905,7.1,Robby Scott,,P,0,Diamondbacks,0
5,906,,Tres Barrera,2,C,0,Nationals,0
6,907,3,Aaron Slegers,,P,0,Rays,0
7,908,,Mitch Walding,2,PH/PR,0,Phillies,0
8,909,56,T.J. McFarland,,P,0,Diamondbacks,0
9,910,30.1,Jay Jackson,,P,0,Brewers,-0.1
10,911,,Nick Ciuffo,6,C,-0.1,Rays,-0.1
11,912,,Ty France,201,2B/3B,0,Padres,-0.1
12,913,,Ryan Court,25,1B/LF,-0.1,Mariners,-0.1
13,914,,Steven Baron,10,C,-0.1,Pirates,-0.1
14,915,,Mason Williams,34,CF,-0.1,Orioles,-0.1
15,916,,Jose Osuna,285,1B/RF,0,Pirates,-0.1
16,917,18.2,Tyler Thornburg,,P,-0.1,Red Sox,-0.1
17,918,57,Nick Margevicius,,P,-0.1,Padres,-0.1
18,919,19,J. D. Hammer,,P,0,Phillies,-0.1
19,920,8.2,Daniel Zamora,,P,-0.1,Mets,-0.1
20,921,,Wilfredo Tovar,88,SS,-0.1,Angels,-0.1
21,922,1.1,Ryan O'Rourke,,P,-0.1,Mets,-0.1
22,923,5,Jaime Schultz,,P,-0.1,Dodgers,-0.1
23,924,31.2,Sean Reid-Foley,,P,0,Blue Jays,-0.1
24,925,33.2,Hector Santiago,,P,-0.1,- - -,-0.1
25,926,6.1,Miguel Diaz,,P,0,Padres,-0.1
26,927,5.2,Ryan Feierabend,,P,-0.1,Blue Jays,-0.1
27,928,,Skye Bolt,11,RF/CF,-0.1,Athletics,-0.1
28,929,,Joey Rickard,189,RF/LF,-0.1,- - -,-0.1
29,930,,Donnie Walton,19,2B/SS,-0.1,Mariners,-0.1
0,931,17.1,Montana DuRapau,,P,-0.1,Pirates,-0.1
1,932,26.1,Taylor Guerrieri,,P,-0.1,Rangers,-0.1
2,933,,Greg Bird,41,1B,-0.1,Yankees,-0.1
3,934,9.2,Matt Carasiti,,P,-0.1,Mariners,-0.1
4,935,45.1,Ryan Buchter,,P,-0.1,Athletics,-0.1
5,936,,Ichiro Suzuki,6,RF,-0.1,Mariners,-0.1
6,937,,Anthony Alford,30,RF/LF,-0.1,Blue Jays,-0.1
7,938,1,Ben Lively,,P,-0.1,Royals,-0.1
8,939,,JB Shuck,57,RF/LF,-0.1,Pirates,-0.1
9,940,,Jim Adduci,5,RF,-0.1,Cubs,-0.1
10,941,,Drew Jackson,4,CF/LF,-0.1,Orioles,-0.1
11,942,13,Fernando Abad,,P,-0.1,Giants,-0.1
12,943,16,Phillips Valdez,,P,-0.1,Rangers,-0.1
13,944,,Sam Haggerty,4,2B/RF,-0.1,Mets,-0.1
14,945,8.2,Garrett Richards,,P,0,Padres,-0.1
15,946,50,Roenis Elias,,P,-0.1,- - -,-0.1
16,947,5,Michael Blazek,,P,-0.1,Nationals,-0.1
17,948,4,Arodys Vizcaino,,P,-0.1,Braves,-0.1
18,949,0.2,Deolis Guerra,,P,-0.1,Brewers,-0.1
19,950,5,Dennis Santana,,P,-0.1,Dodgers,-0.1
20,951,,Dom Nunez,43,C,-0.1,Rockies,-0.1
21,952,,Kyle Farmer,197,2B,-0.1,Reds,-0.1
22,953,21.1,Burch Smith,,P,-0.1,- - -,-0.1
23,954,6.2,Stephen Nogosek,,P,-0.1,Mets,-0.1
24,955,3,Joe Mantiply,,P,-0.1,Yankees,-0.1
25,956,1,Chase De Jong,,P,-0.1,Twins,-0.1
26,957,0.2,Pedro Araujo,,P,-0.1,Orioles,-0.1
27,958,6,Drew Anderson,,P,-0.1,Phillies,-0.1
28,959,31,Wei-Chung Wang,,P,-0.1,- - -,-0.1
29,960,93.2,Nick Pivetta,,P,0,Phillies,-0.1
0,961,26.2,Brock Burke,,P,-0.1,Rangers,-0.1
1,962,,Erik Gonzalez,156,3B/SS,-0.1,Pirates,-0.1
2,963,19.2,Ronald Bolanos,,P,0,Padres,-0.1
3,964,,Drew Robinson,7,RF/CF,-0.1,Cardinals,-0.1
4,965,0.2,Yennsy Diaz,,P,-0.1,Blue Jays,-0.1
5,966,,Aramis Garcia,46,C/1B,-0.1,Giants,-0.1
6,967,12.1,Taylor Guilbeau,,P,-0.1,Mariners,-0.1
7,968,9,Josh Sborz,,P,-0.1,Dodgers,-0.1
8,969,2.1,Ricardo Pinto,,P,-0.1,Rays,-0.1
9,970,24.2,Stephen Tarpley,,P,-0.1,Yankees,-0.1
10,971,,Taylor Davis,20,C,-0.1,Cubs,-0.1
11,972,1.1,Tony Barnette,,P,-0.1,Cubs,-0.1
12,973,16,Johnny Cueto,,P,0,Giants,-0.1
13,974,2,Sam Freeman,,P,-0.1,Angels,-0.1
14,975,29.1,A.J. Minter,,P,-0.1,Braves,-0.1
15,976,,Jose Pirela,24,RF/LF,-0.1,- - -,-0.1
16,977,34.2,Brad Wieck,,P,-0.1,- - -,-0.1
17,978,6.2,David Robertson,,P,-0.1,Phillies,-0.1
18,979,22.2,Walker Lockett,,P,-0.1,Mets,-0.1
19,980,4.2,Jesse Hahn,,P,-0.1,Royals,-0.1
20,981,19,Chandler Shepherd,,P,-0.1,Orioles,-0.1
21,982,16,Aaron Wilkerson,,P,-0.2,Brewers,-0.1
22,983,19,Mike Mayers,,P,-0.1,Cardinals,-0.1
23,984,2.2,Brady Lail,,P,-0.1,Yankees,-0.1
24,985,17,Carl Edwards Jr.,,P,-0.1,- - -,-0.1
25,986,3.2,Jake Barrett,,P,-0.1,Yankees,-0.1
26,987,,Rangel Ravelo,43,1B,-0.1,Cardinals,-0.1
27,988,0.1,Taylor Hearn,,P,-0.1,Rangers,-0.1
28,989,44.2,Caleb Ferguson,,P,-0.2,Dodgers,-0.1
29,990,21,Reggie McClain,,P,-0.1,Mariners,-0.1
0,991,,Zach Green,16,3B,-0.1,Giants,-0.1
1,992,3.1,Pat Venditte,,P,-0.1,Giants,-0.1
2,993,7.1,Gabe Speier,,P,-0.1,Royals,-0.1
3,994,,Gordon Beckham,240,2B,-0.1,Tigers,-0.1
4,995,11,Allen Webster,,P,-0.1,Cubs,-0.1
5,996,,Nick Dini,64,C,-0.1,Royals,-0.1
6,997,39.2,Justin Shafer,,P,-0.1,Blue Jays,-0.1
7,998,13.1,Odrisamer Despaigne,,P,-0.1,White Sox,-0.1
8,999,44.2,Austin Brice,,P,-0.1,Marlins,-0.1
9,1000,,Abiatal Avelino,8,SS/LF,-0.1,Giants,-0.1
10,1001,3,Ryan Garton,,P,-0.1,Mariners,-0.1
11,1002,,Willi Castro,110,SS,-0.1,Tigers,-0.1
12,1003,5.2,Luis Escobar,,P,-0.1,Pirates,-0.1
13,1004,,Deven Marrero,5,3B/SS,-0.1,Marlins,-0.1
14,1005,10.2,Robert Stock,,P,-0.1,Padres,-0.1
15,1006,4.2,Dan Jennings,,P,-0.1,Nationals,-0.1
16,1007,1,Chris Rusin,,P,-0.1,Rockies,-0.1
17,1008,61.1,Blake Parker,,P,-0.1,- - -,-0.1
18,1009,32,Luis Avilan,,P,-0.1,Mets,-0.1
19,1010,,Michael Reed,8,RF/LF,-0.1,Giants,-0.1
20,1011,,Travis Jankowski,24,RF/CF,-0.1,Padres,-0.1
21,1012,,Logan Morrison,38,1B/DH,-0.1,Phillies,-0.1
22,1013,,Jonathan Davis,95,CF,-0.1,Blue Jays,-0.1
23,1014,4.2,Andrew Moore,,P,-0.1,Mariners,-0.1
24,1015,58.2,Dylan Covey,,P,-0.1,White Sox,-0.1
25,1016,2.1,Aaron Barrett,,P,-0.1,Nationals,-0.1
26,1017,,Eric Haase,17,C,-0.1,Indians,-0.1
27,1018,35.2,Greg Holland,,P,-0.1,Diamondbacks,-0.1
28,1019,,Jesus Aguilar,369,1B,-0.1,- - -,-0.1
29,1020,,Phil Gosselin,68,SS/LF,-0.1,Phillies,-0.1
0,1021,11.2,Dillon Maples,,P,-0.1,Cubs,-0.1
1,1022,36.2,Phil Maton,,P,-0.1,- - -,-0.1
2,1023,,Scott Heineman,85,RF/CF,-0.1,Rangers,-0.1
3,1024,29.2,Dan Otero,,P,-0.1,Indians,-0.1
4,1025,10.1,Nate Jones,,P,-0.1,White Sox,-0.1
5,1026,2.2,Caleb Frare,,P,-0.1,White Sox,-0.1
6,1027,,Adam Jones,528,RF,-0.1,Diamondbacks,-0.1
7,1028,6.1,Jimmy Herget,,P,-0.1,Reds,-0.1
8,1029,11.2,Junior Fernandez,,P,-0.1,Cardinals,-0.1
9,1030,,Jed Lowrie,8,PH/PR,-0.1,Mets,-0.1
10,1031,35.2,Alex Wood,,P,-0.2,Reds,-0.1
11,1032,,Jace Peterson,108,3B/LF,-0.1,Orioles,-0.1
12,1033,,Matt Adams,333,1B,-0.1,Nationals,-0.1
13,1034,12,Grant Dayton,,P,-0.1,Braves,-0.1
14,1035,,Carlos Gomez,99,CF/LF,-0.1,Mets,-0.1
15,1036,3,Erasmo Ramirez,,P,-0.1,Red Sox,-0.1
16,1037,,Jake Noll,13,1B/3B,-0.1,Nationals,-0.1
17,1038,18.1,Kyle Zimmer,,P,-0.1,Royals,-0.1
18,1039,11,David Bednar,,P,-0.1,Padres,-0.1
19,1040,34,Yency Almonte,,P,-0.1,Rockies,-0.1
20,1041,,Rafael Ortega,96,LF,-0.1,Braves,-0.1
21,1042,29.1,Mike Wright Jr.,,P,-0.1,- - -,-0.1
22,1043,,Juan Centeno,18,C,-0.1,Red Sox,-0.1
23,1044,72,Bryan Shaw,,P,-0.1,Rockies,-0.1
24,1045,4.2,Yohander Mendez,,P,-0.1,Rangers,-0.1
25,1046,20,Bryse Wilson,,P,-0.2,Braves,-0.1
26,1047,,Ryon Healy,187,3B,-0.1,Mariners,-0.1
27,1048,12.2,Tyler Lyons,,P,-0.1,- - -,-0.2
28,1049,0.1,Austen Williams,,P,-0.2,Nationals,-0.2
29,1050,6.2,Ryan Borucki,,P,-0.2,Blue Jays,-0.2
0,1051,7.1,Tim Peterson,,P,-0.2,Mets,-0.2
1,1052,38.1,Jeff Brigham,,P,-0.1,Marlins,-0.2
2,1053,17.1,Scott Alexander,,P,-0.2,Dodgers,-0.2
3,1054,71.2,Felix Hernandez,,P,-0.1,Mariners,-0.2
4,1055,3.2,Jose Fernandez,,P,-0.2,Tigers,-0.2
5,1056,,Gerardo Parra,301,RF/LF,-0.2,- - -,-0.2
6,1057,,Deivy Grullon,9,C,-0.2,Phillies,-0.2
7,1058,9.1,Dovydas Neverauskas,,P,-0.2,Pirates,-0.2
8,1059,27.2,Sam Coonrod,,P,-0.2,Giants,-0.2
9,1060,10.1,Sam Selman,,P,-0.2,Giants,-0.2
10,1061,,Kaleb Cowart,26,2B/3B,-0.2,Angels,-0.2
11,1062,24.1,Yefry Ramirez,,P,-0.1,- - -,-0.2
12,1063,16,Edinson Volquez,,P,-0.2,Rangers,-0.2
13,1064,6.2,Corey Oswalt,,P,-0.1,Mets,-0.2
14,1065,49.1,Tyler Kinley,,P,-0.2,Marlins,-0.2
15,1066,22,Jimmy Nelson,,P,-0.1,Brewers,-0.2
16,1067,,Josh Fuentes,56,1B,-0.2,Rockies,-0.2
17,1068,,Charlie Tilson,157,RF/LF,-0.2,White Sox,-0.2
18,1069,23.2,Marco Estrada,,P,-0.2,Athletics,-0.2
19,1070,,Jared Walsh,87,1B,-0.2,Angels,-0.2
20,1071,50,Clay Holmes,,P,-0.1,Pirates,-0.2
21,1072,33.1,Tim Melville,,P,-0.2,Rockies,-0.2
22,1073,,Seby Zavala,12,C,-0.2,White Sox,-0.2
23,1074,126.2,Michael Wacha,,P,-0.2,Cardinals,-0.2
24,1075,45.1,Clayton Richard,,P,-0.2,Blue Jays,-0.2
25,1076,,LaMonte Wade,69,CF/LF,-0.2,Twins,-0.2
26,1077,42.2,Wade Davis,,P,-0.2,Rockies,-0.2
27,1078,,Josh Naylor,279,RF/LF,-0.2,Padres,-0.2
28,1079,44,Shelby Miller,,P,-0.2,Rangers,-0.2
29,1080,,Connor Joe,16,LF,-0.2,Giants,-0.2
0,1081,,Brandon Dixon,420,1B,-0.1,Tigers,-0.2
1,1082,2.1,Sean Gilmartin,,P,-0.2,Orioles,-0.2
2,1083,18,Joe Harvey,,P,-0.2,- - -,-0.2
3,1084,,Yasmany Tomas,6,DH,-0.2,Diamondbacks,-0.2
4,1085,11.1,Ryan Eades,,P,-0.2,- - -,-0.2
5,1086,16.2,Austin Adams,,P,-0.2,- - -,-0.2
6,1087,,Daniel Murphy,478,1B,-0.2,Rockies,-0.2
7,1088,47.1,Shawn Kelley,,P,-0.2,Rangers,-0.2
8,1089,19.2,Travis Bergen,,P,-0.2,Giants,-0.2
9,1090,,Jesus Sucre,67,C,-0.2,Orioles,-0.2
10,1091,4,Danny Salazar,,P,-0.2,Indians,-0.2
11,1092,,Juan Graterol,18,C,-0.2,Reds,-0.2
12,1093,9,Gerson Bautista,,P,-0.2,Mariners,-0.2
13,1094,,Anthony Bemboom,56,C,-0.2,- - -,-0.2
14,1095,,Jarrett Parker,15,LF,-0.2,Angels,-0.2
15,1096,15.1,Jordan Romano,,P,-0.2,Blue Jays,-0.2
16,1097,,Gregory Polanco,167,RF,-0.2,Pirates,-0.2
17,1098,25.1,Kohl Stewart,,P,-0.2,Twins,-0.2
18,1099,,Jose Trevino,126,C,-0.2,Rangers,-0.2
19,1100,60,Jeurys Familia,,P,-0.2,Mets,-0.2
20,1101,9,Cionel Perez,,P,-0.2,Astros,-0.2
21,1102,,Wilmer Difo,144,SS,-0.2,Nationals,-0.2
22,1103,55.2,Nick Kingham,,P,-0.2,- - -,-0.2
23,1104,6.1,Jacob Rhame,,P,-0.2,Mets,-0.2
24,1105,3.1,Luis Ortiz,,P,-0.2,Orioles,-0.2
25,1106,,Chance Sisco,198,C,-0.2,Orioles,-0.2
26,1107,,Nick Martini,109,LF,-0.2,- - -,-0.2
27,1108,33.2,Elvis Luciano,,P,-0.2,Blue Jays,-0.2
28,1109,,Mark Zagunis,40,RF/LF,-0.2,Cubs,-0.2
29,1110,19.1,Josh Staumont,,P,-0.2,Royals,-0.2
0,1111,11,Paul Blackburn,,P,-0.2,Athletics,-0.2
1,1112,,Ruben Tejada,9,2B/3B/SS,-0.2,Mets,-0.2
2,1113,8.1,Trevor Kelley,,P,-0.2,Red Sox,-0.2
3,1114,,Jack Mayfield,65,SS,-0.2,Astros,-0.2
4,1115,,Justin Upton,256,LF,-0.2,Angels,-0.2
5,1116,10.1,Williams Jerez,,P,-0.2,- - -,-0.2
6,1117,11,Enyel De Los Santos,,P,-0.2,Phillies,-0.2
7,1118,,David Freitas,20,C,-0.2,- - -,-0.2
8,1119,,JaCoby Jones,333,CF,-0.2,Tigers,-0.2
9,1120,17,Conner Menez,,P,-0.2,Giants,-0.2
10,1121,17.1,James Marvel,,P,-0.2,Pirates,-0.2
11,1122,10.2,Kyle Keller,,P,-0.2,Marlins,-0.2
12,1123,62,Alex Claudio,,P,-0.2,Brewers,-0.2
13,1124,,Dustin Peterson,47,LF,-0.2,Tigers,-0.2
14,1125,,Tim Federowicz,83,C,-0.2,Rangers,-0.2
15,1126,,Andrew Knizner,58,C,-0.2,Cardinals,-0.2
16,1127,,Max Moroff,35,2B/SS,-0.2,Indians,-0.2
17,1128,,Yairo Munoz,181,3B,-0.2,Cardinals,-0.2
18,1129,91,Mike Montgomery,,P,-0.2,- - -,-0.2
19,1130,4.2,Matt Wotherspoon,,P,-0.2,Orioles,-0.2
20,1131,16.1,Sal Romano,,P,-0.2,Reds,-0.2
21,1132,,Hanley Ramirez,57,DH,-0.2,Indians,-0.2
22,1133,,Kevan Smith,211,C,-0.2,Angels,-0.2
23,1134,64.2,Joe Biagini,,P,-0.2,- - -,-0.2
24,1135,,Adrian Sanchez,32,2B/3B,-0.2,Nationals,-0.2
25,1136,,Nicky Lopez,402,2B/SS,-0.2,Royals,-0.2
26,1137,,Garrett Hampson,327,2B/CF,-0.2,Rockies,-0.2
27,1138,,Ryan Cordell,247,RF,-0.2,White Sox,-0.2
28,1139,,Yu-Cheng Chang,84,3B,-0.2,Indians,-0.2
29,1140,8.2,Javier Guerra,,P,-0.2,Padres,-0.2
0,1141,41,Branden Kline,,P,-0.2,Orioles,-0.2
1,1142,19,Sam Howard,,P,-0.2,Rockies,-0.2
2,1143,10.2,Rookie Davis,,P,-0.2,Pirates,-0.2
3,1144,73.1,Dario Agrazal,,P,-0.1,Pirates,-0.2
4,1145,60.2,Hector Rondon,,P,-0.2,Astros,-0.2
5,1146,20.1,Michael Shawaryn,,P,-0.2,Red Sox,-0.2
6,1147,,Rocky Gale,15,C,-0.2,Dodgers,-0.2
7,1148,,Raudy Read,11,C,-0.2,Nationals,-0.2
8,1149,21.2,Ryan Tepera,,P,-0.2,Blue Jays,-0.2
9,1150,8,Jon Edwards,,P,-0.2,Indians,-0.2
10,1151,,Ryan Flaherty,22,3B,-0.2,Indians,-0.2
11,1152,35,Geoff Hartlieb,,P,-0.2,Pirates,-0.2
12,1153,,Sandy Leon,191,C,-0.2,Red Sox,-0.2
13,1154,,Willians Astudillo,204,C,-0.2,Twins,-0.2
14,1155,5,Brady Rodgers,,P,-0.2,Astros,-0.2
15,1156,,Ian Kinsler,281,2B,-0.2,Padres,-0.2
16,1157,15.1,Reed Garrett,,P,-0.2,Tigers,-0.2
17,1158,27.2,Hector Noesi,,P,-0.3,Marlins,-0.2
18,1159,,Taylor Ward,48,3B/LF,-0.3,Angels,-0.3
19,1160,34.1,Robert Dugger,,P,-0.1,Marlins,-0.3
20,1161,22.1,Matthew Festa,,P,-0.3,Mariners,-0.3
21,1162,27.1,Carson Fulmer,,P,-0.2,White Sox,-0.3
22,1163,121.1,Wade LeBlanc,,P,-0.3,Mariners,-0.3
23,1164,6.1,Steven Wright,,P,-0.3,Red Sox,-0.3
24,1165,66.2,Nestor Cortes,,P,-0.3,Yankees,-0.3
25,1166,16,Kyle McGowin,,P,-0.3,Nationals,-0.3
26,1167,18,Pat Neshek,,P,-0.3,Phillies,-0.3
27,1168,11.1,Alex Wilson,,P,-0.3,Brewers,-0.3
28,1169,1.1,Nick Rumbelow,,P,-0.3,Mariners,-0.3
29,1170,,Harold Castro,369,2B/CF,-0.3,Tigers,-0.3
0,1171,,Andrew Velazquez,24,2B/3B,-0.3,- - -,-0.3
1,1172,,Nick Hundley,73,C,-0.3,Athletics,-0.3
2,1173,54,Tony Watson,,P,-0.3,Giants,-0.3
3,1174,21,Eric Skoglund,,P,-0.3,Royals,-0.3
4,1175,12.2,Ryan Dull,,P,-0.3,- - -,-0.3
5,1176,123.2,Jorge Lopez,,P,-0.2,Royals,-0.3
6,1177,,D.J. Stewart,142,RF/LF,-0.3,Orioles,-0.3
7,1178,22.1,Kyle Dowdy,,P,-0.3,Rangers,-0.3
8,1179,6,Rico Garcia,,P,-0.3,Rockies,-0.3
9,1180,,Alex Jackson,15,C,-0.3,Braves,-0.3
10,1181,,Matt Wieters,183,C,-0.3,Cardinals,-0.3
11,1182,,Mark Trumbo,31,DH,-0.3,Orioles,-0.3
12,1183,58.2,Blake Treinen,,P,-0.3,Athletics,-0.3
13,1184,49,Corbin Burnes,,P,-0.3,Brewers,-0.3
14,1185,60.2,Yoan Lopez,,P,-0.3,Diamondbacks,-0.3
15,1186,,Chris Herrmann,94,C,-0.3,Athletics,-0.3
16,1187,,Ian Desmond,482,CF/LF,-0.3,Rockies,-0.3
17,1188,67.2,Nathan Eovaldi,,P,-0.3,Red Sox,-0.3
18,1189,41.2,Touki Toussaint,,P,-0.2,Braves,-0.3
19,1190,13,Yacksel Rios,,P,-0.3,- - -,-0.3
20,1191,15.1,Trevor Rosenthal,,P,-0.3,- - -,-0.3
21,1192,40.2,Dominic Leone,,P,-0.3,Cardinals,-0.3
22,1193,,Richard Urena,80,2B/SS,-0.2,Blue Jays,-0.3
23,1194,41,Jimmy Yacabonis,,P,-0.3,Orioles,-0.3
24,1195,59.2,Matt Harvey,,P,-0.3,Angels,-0.3
25,1196,,Austin Allen,71,C,-0.3,Padres,-0.3
26,1197,9.1,Miguel Del Pozo,,P,-0.3,Angels,-0.3
27,1198,21.2,Dan Winkler,,P,-0.3,Braves,-0.3
28,1199,19.2,Kyle Wright,,P,-0.2,Braves,-0.3
29,1200,,Luke Maile,129,C,-0.3,Blue Jays,-0.3
0,1201,19.2,Jose Rodriguez,,P,-0.3,Angels,-0.3
1,1202,65.1,Richard Rodriguez,,P,-0.3,Pirates,-0.3
2,1203,12.1,Adbert Alzolay,,P,-0.2,Cubs,-0.3
3,1204,,Pat Valaika,86,2B/SS,-0.3,Rockies,-0.3
4,1205,,Matt Duffy,169,3B,-0.3,Rays,-0.3
5,1206,,Austin Wynns,74,C,-0.3,Orioles,-0.3
6,1207,,Yangervis Solarte,78,2B/LF,-0.3,Giants,-0.3
7,1208,3,Alex Reyes,,P,-0.3,Cardinals,-0.3
8,1209,,Hernan Perez,246,2B,-0.2,Brewers,-0.3
9,1210,27,Ty Blach,,P,-0.3,- - -,-0.3
10,1211,,Daniel Robertson,237,2B/3B,-0.3,Rays,-0.3
11,1212,18.1,Seunghwan Oh,,P,-0.3,Rockies,-0.3
12,1213,,Chris Shaw,20,1B,-0.3,Giants,-0.3
13,1214,58,Erik Swanson,,P,-0.3,Mariners,-0.3
14,1215,,Bradley Zimmer,14,RF/CF,-0.3,Indians,-0.3
15,1216,44.1,Blaine Hardy,,P,-0.3,Tigers,-0.3
16,1217,,Max Stassi,147,C,-0.3,- - -,-0.3
17,1218,42.2,Victor Alcantara,,P,-0.3,Tigers,-0.3
18,1219,,Patrick Wisdom,28,1B/3B,-0.3,Rangers,-0.3
19,1220,15.2,Justin Miller,,P,-0.3,Nationals,-0.3
20,1221,25.1,Chance Adams,,P,-0.3,Yankees,-0.3
21,1222,,Kean Wong,18,2B/RF,-0.3,- - -,-0.3
22,1223,20.2,Tyler Anderson,,P,-0.3,Rockies,-0.3
23,1224,62.1,Yimi Garcia,,P,-0.3,Dodgers,-0.3
24,1225,20.2,Austin Davis,,P,-0.3,Phillies,-0.3
25,1226,5.1,Reymin Guduan,,P,-0.3,Astros,-0.3
26,1227,41.1,Jake McGee,,P,-0.3,Rockies,-0.3
27,1228,29,Chad Sobotka,,P,-0.3,Braves,-0.3
28,1229,,Ronald Guzman,295,1B,-0.3,Rangers,-0.3
29,1230,18.2,Jake Faria,,P,-0.3,- - -,-0.3
0,1231,,Bryan Holaday,129,C,-0.3,Marlins,-0.3
1,1232,,Zack Collins,102,C/DH,-0.3,White Sox,-0.3
2,1233,,Miguel Cabrera,549,DH,-0.3,Tigers,-0.3
3,1234,25,Neil Ramirez,,P,-0.3,- - -,-0.3
4,1235,15,Edubray Ramos,,P,-0.3,Phillies,-0.3
5,1236,31,Jake Newberry,,P,-0.3,Royals,-0.3
6,1237,16.2,Joseph Palumbo,,P,-0.4,Rangers,-0.4
7,1238,24.1,Hunter Strickland,,P,-0.4,- - -,-0.4
8,1239,,Frank Schwindel,15,1B,-0.4,Royals,-0.4
9,1240,,Erik Kratz,53,C,-0.4,- - -,-0.4
10,1241,8,Jonny Venters,,P,-0.4,- - -,-0.4
11,1242,16,Ray Black,,P,-0.4,- - -,-0.4
12,1243,,Dustin Pedroia,21,2B/DH,-0.4,Red Sox,-0.4
13,1244,,Travis Demeritte,186,RF,-0.4,Tigers,-0.4
14,1245,70,Jeff Hoffman,,P,-0.4,Rockies,-0.4
15,1246,,Jake Bauers,423,1B/LF/DH,-0.4,Indians,-0.4
16,1247,,Odubel Herrera,139,CF,-0.4,Phillies,-0.4
17,1248,,Eric Hosmer,667,1B,-0.4,Padres,-0.4
18,1249,,Tyler Saladino,71,SS,-0.4,Brewers,-0.4
19,1250,16.1,Tayler Scott,,P,-0.4,- - -,-0.4
20,1251,54.2,Andrew Miller,,P,-0.4,Cardinals,-0.4
21,1252,,Albert Pujols,545,1B,-0.4,Angels,-0.4
22,1253,16.2,Chasen Bradford,,P,-0.4,Mariners,-0.4
23,1254,46.2,Matt Grace,,P,-0.3,Nationals,-0.4
24,1255,,Justin Bour,170,1B,-0.4,Angels,-0.4
25,1256,23.1,Zach Duke,,P,-0.4,Reds,-0.4
26,1257,32.2,Andrew Suarez,,P,-0.4,Giants,-0.4
27,1258,13.2,Nick Tropeano,,P,-0.4,Angels,-0.4
28,1259,,Gorkys Hernandez,57,RF/LF,-0.4,Red Sox,-0.4
29,1260,26.1,Jake Jewell,,P,-0.4,Angels,-0.4
0,1261,13.1,Ervin Santana,,P,-0.4,White Sox,-0.4
1,1262,,Orlando Arcia,546,SS,-0.4,Brewers,-0.4
2,1263,60.2,Adam Conley,,P,-0.4,Marlins,-0.4
3,1264,,Mike Gerber,26,RF/LF,-0.4,Giants,-0.4
4,1265,50.2,Manny Banuelos,,P,-0.4,White Sox,-0.4
5,1266,,Jaylin Davis,47,RF,-0.4,Giants,-0.4
6,1267,9.1,Shane Carle,,P,-0.4,Braves,-0.4
7,1268,28,Jesse Biddle,,P,-0.4,- - -,-0.4
8,1269,40.2,Ryan Carpenter,,P,-0.4,Tigers,-0.4
9,1270,36,Tom Eshelman,,P,-0.4,Orioles,-0.4
10,1271,31,Josh A. Smith,,P,-0.4,Red Sox,-0.4
11,1272,22,Parker Markel,,P,-0.4,- - -,-0.4
12,1273,,Isaac Galloway,54,CF,-0.4,Marlins,-0.4
13,1274,,Marco Hernandez,155,2B,-0.4,Red Sox,-0.4
14,1275,,Peter O'Brien,47,RF/LF,-0.4,Marlins,-0.4
15,1276,,Yadiel Rivera,66,3B/SS,-0.4,Marlins,-0.4
16,1277,40.1,Wily Peralta,,P,-0.4,Royals,-0.4
17,1278,22.1,Heath Fillmyer,,P,-0.4,Royals,-0.4
18,1279,,Bobby Bradley,49,1B/DH,-0.4,Indians,-0.4
19,1280,114,Drew Smyly,,P,-0.3,- - -,-0.5
20,1281,32.2,Jacob Barnes,,P,-0.5,- - -,-0.5
21,1282,,Kevin Kramer,50,RF/LF,-0.5,Pirates,-0.5
22,1283,68.1,Wei-Yin Chen,,P,-0.4,Marlins,-0.5
23,1284,72,Dillon Peters,,P,-0.5,Angels,-0.5
24,1285,,Tomas Nido,144,C,-0.5,Mets,-0.5
25,1286,14.1,Josh Rogers,,P,-0.5,Orioles,-0.5
26,1287,,Blake Swihart,99,C/RF/LF,-0.5,- - -,-0.5
27,1288,,Alen Hanson,48,2B/RF,-0.5,Blue Jays,-0.5
28,1289,,Bubba Starling,197,RF/CF,-0.5,Royals,-0.5
29,1290,,Scooter Gennett,139,2B,-0.5,- - -,-0.5
0,1291,,Maikel Franco,428,3B,-0.5,Phillies,-0.5
1,1292,,Jake Elmore,49,3B/LF,-0.5,Pirates,-0.5
2,1293,,Steven Duggar,281,RF/CF,-0.5,Giants,-0.5
3,1294,19.1,Corbin Martin,,P,-0.5,Astros,-0.5
4,1295,84.2,Taylor Clarke,,P,-0.7,Diamondbacks,-0.5
5,1296,,Matt Skole,80,1B/DH,-0.5,White Sox,-0.5
6,1297,,Nicky Delmonico,68,LF,-0.5,White Sox,-0.5
7,1298,136,Glenn Sparkman,,P,-0.5,Royals,-0.5
8,1299,110.2,Gabriel Ynoa,,P,-0.5,Orioles,-0.5
9,1300,,Carter Kieboom,43,SS,-0.5,Nationals,-0.5
10,1301,,Peter Bourjos,46,CF/LF,-0.5,Angels,-0.5
11,1302,,Johan Camargo,248,3B/SS,-0.5,Braves,-0.5
12,1303,,Tony Wolters,411,C,-0.5,Rockies,-0.5
13,1304,,Drew Butera,49,C,-0.5,Rockies,-0.5
14,1305,,Chris Iannetta,164,C,-0.5,Rockies,-0.5
15,1306,,Jonathan Lucroy,328,C,-0.5,- - -,-0.5
16,1307,,A.J. Reed,49,1B/DH,-0.5,White Sox,-0.5
17,1308,,Pablo Reyes,157,RF/LF,-0.5,Pirates,-0.5
18,1309,71.1,Jared Hughes,,P,-0.5,- - -,-0.5
19,1310,58.1,Jerad Eickhoff,,P,-0.4,Phillies,-0.5
20,1311,,Mac Williamson,144,LF,-0.5,- - -,-0.5
21,1312,14.1,Drew Steckenrider,,P,-0.5,Marlins,-0.5
22,1313,99,Dereck Rodriguez,,P,-0.6,Giants,-0.5
23,1314,,Braden Bishop,60,CF,-0.5,Mariners,-0.5
24,1315,,Franklin Barreto,58,2B,-0.6,Athletics,-0.6
25,1316,,Mikie Mahtook,25,CF,-0.6,Tigers,-0.6
26,1317,,Rosell Herrera,119,RF/CF,-0.6,Marlins,-0.6
27,1318,,Leonys Martin,264,CF,-0.6,Indians,-0.6
28,1319,39,Edgar Garcia,,P,-0.6,Phillies,-0.6
29,1320,12.1,Alex Cobb,,P,-0.6,Orioles,-0.6
0,1321,,Jose Peraza,403,2B,-0.6,Reds,-0.6
1,1322,12.2,Kyle Bird,,P,-0.6,Rangers,-0.6
2,1323,20.2,Matt Koch,,P,-0.5,Diamondbacks,-0.6
3,1324,22,Tyler Bashlor,,P,-0.6,Mets,-0.6
4,1325,,Carlos Gonzalez,166,RF/LF,-0.6,- - -,-0.6
5,1326,,Bobby Wilson,47,C,-0.6,Tigers,-0.6
6,1327,82.2,Jaime Barria,,P,-0.6,Angels,-0.6
7,1328,,Brandon Drury,447,3B,-0.6,Blue Jays,-0.6
8,1329,,Jake Rogers,128,C,-0.6,Tigers,-0.6
9,1330,62,Luis Garcia,,P,-0.6,Angels,-0.6
10,1331,69.2,Ross Detwiler,,P,-0.6,White Sox,-0.6
11,1332,,Corban Joseph,68,2B,-0.6,- - -,-0.6
12,1333,,Yonathan Daza,105,CF,-0.6,Rockies,-0.6
13,1334,,Dawel Lugo,288,3B,-0.6,Tigers,-0.6
14,1335,46,Tayron Guerrero,,P,-0.6,Marlins,-0.6
15,1336,,J.T. Riddle,139,SS/CF,-0.6,Marlins,-0.6
16,1337,,Jose Rondon,157,2B/SS,-0.6,- - -,-0.6
17,1338,,Josh Harrison,147,2B,-0.6,Tigers,-0.6
18,1339,,Scott Schebler,95,CF,-0.6,Reds,-0.6
19,1340,,Brendan Rodgers,81,2B/SS,-0.6,Rockies,-0.6
20,1341,34.2,Wes Parsons,,P,-0.7,- - -,-0.6
21,1342,,Jedd Gyorko,101,3B,-0.7,- - -,-0.6
22,1343,23,Cody Allen,,P,-0.7,Angels,-0.7
23,1344,53.1,Anthony Swarzak,,P,-0.7,- - -,-0.7
24,1345,,Eric Stamets,48,SS,-0.7,Indians,-0.7
25,1346,26.2,Alex McRae,,P,-0.8,Pirates,-0.7
26,1347,,Socrates Brito,43,RF,-0.7,Blue Jays,-0.7
27,1348,49,Kyle Crick,,P,-0.7,Pirates,-0.7
28,1349,,Melky Cabrera,397,RF,-0.7,Pirates,-0.7
29,1350,,Albert Almora Jr.,363,CF,-0.7,Cubs,-0.7
0,1351,,Austin Dean,189,LF,-0.7,Marlins,-0.7
1,1352,33.2,Kyle Barraclough,,P,-0.7,- - -,-0.7
2,1353,39.2,Wandy Peralta,,P,-0.7,- - -,-0.7
3,1354,,Humberto Arteaga,135,SS,-0.7,Royals,-0.7
4,1355,,Steve Wilkerson,361,CF,-0.6,Orioles,-0.7
5,1356,,Cedric Mullins II,74,CF,-0.8,Orioles,-0.8
6,1357,25.2,Brock Stewart,,P,-0.8,- - -,-0.8
7,1358,81,Jose Suarez,,P,-0.7,Angels,-0.8
8,1359,,Jake Fraley,41,CF,-0.8,Mariners,-0.8
9,1360,,Juan Lagares,285,CF,-0.8,Mets,-0.8
10,1361,,Keon Broxton,228,CF,-0.8,- - -,-0.8
11,1362,28.2,Adam Warren,,P,-0.8,Padres,-0.8
12,1363,,Dwight Smith Jr.,392,LF,-0.8,Orioles,-0.8
13,1364,,Matt Kemp,62,LF,-0.8,Reds,-0.8
14,1365,80,David Hess,,P,-0.8,Orioles,-0.8
15,1366,,Travis Shaw,270,3B,-0.8,Brewers,-0.8
16,1367,,Mark Reynolds,162,1B,-0.8,Rockies,-0.8
17,1368,102.1,Trevor Cahill,,P,-0.8,Angels,-0.8
18,1369,,Cheslor Cuthbert,330,1B/3B,-0.8,Royals,-0.8
19,1370,,Kendrys Morales,201,1B/DH,-0.8,- - -,-0.8
20,1371,28,Zac Reininger,,P,-0.8,Tigers,-0.8
21,1372,,Sam Travis,157,1B/LF,-0.9,Red Sox,-0.9
22,1373,,Jon Jay,182,RF/LF,-0.9,White Sox,-0.9
23,1374,,Daniel Descalso,194,2B,-0.8,Cubs,-0.9
24,1375,,Chris Owings,196,2B,-0.8,- - -,-0.9
25,1376,,Aaron Altherr,66,CF/LF,-0.9,- - -,-0.9
26,1377,,Grayson Greiner,224,C,-0.9,Tigers,-0.9
27,1378,,Steve Pearce,99,1B,-0.9,Red Sox,-0.9
28,1379,,Jung Ho Kang,185,3B/SS,-0.9,Pirates,-0.9
29,1380,,Zack Cozart,107,3B,-0.9,Angels,-0.9
0,1381,,Raimel Tapia,447,LF,-0.9,Rockies,-0.9
1,1382,,Meibrys Viloria,148,C,-0.9,Royals,-0.9
2,1383,,Nick Williams,112,LF,-0.9,Phillies,-0.9
3,1384,,Khris Davis,533,DH,-1,Athletics,-1
4,1385,,Lucas Duda,119,1B/DH,-1,Royals,-1
5,1386,,Richie Martin Jr.,309,SS,-1,Orioles,-1
6,1387,23.2,Drew Gagnon,,P,-1,Mets,-1
7,1388,36,Jesus Tinoco,,P,-1,Rockies,-1
8,1389,,Welington Castillo,251,C/DH,-1,White Sox,-1
9,1390,,Ryan O'Hearn,370,1B,-1,Royals,-1
10,1391,,Tyler White,279,1B,-0.7,- - -,-1
11,1392,,Isiah Kiner-Falefa,222,C/3B,-1,Rangers,-1
12,1393,20.2,Craig Kimbrel,,P,-1,Cubs,-1
13,1394,,Miguel Andujar,49,3B/DH,-1,Yankees,-1
14,1395,84.1,Derek Holland,,P,-1,- - -,-1.1
15,1396,,Eduardo Nunez,174,2B,-1,Red Sox,-1.1
16,1397,67.2,Edwin Jackson,,P,-1.1,- - -,-1.1
17,1398,29.2,Jose Quijada,,P,-1.1,Marlins,-1.1
18,1399,47.2,Dan Straily,,P,-1.1,Orioles,-1.1
19,1400,,John Hicks,333,C/1B,-1.2,Tigers,-1.2
20,1401,,Yonder Alonso,335,1B/DH,-1.2,- - -,-1.2
21,1402,,Martin Prado,260,1B/3B,-1.2,Marlins,-1.2
22,1403,,Isan Diaz,201,2B,-1.2,Marlins,-1.2
23,1404,,Christin Stewart,416,LF,-1.2,Tigers,-1.2
24,1405,,Daniel Palka,93,RF,-1.3,White Sox,-1.3
25,1406,,Chris Davis,352,1B,-1.3,Orioles,-1.4
26,1407,,Curtis Granderson,363,LF,-1.4,Marlins,-1.4
27,1408,,Elias Diaz,332,C,-1.5,Pirates,-1.5
28,1409,,Lewis Brinson,248,CF,-1.7,Marlins,-1.7
29,1410,,Jeff Mathis,244,C,-2.1,Rangers,-2.2
0,1381,,Raimel Tapia,447,LF,-0.9,Rockies,-0.9
1,1382,,Meibrys Viloria,148,C,-0.9,Royals,-0.9
2,1383,,Nick Williams,112,LF,-0.9,Phillies,-0.9
3,1384,,Khris Davis,533,DH,-1,Athletics,-1
4,1385,,Lucas Duda,119,1B/DH,-1,Royals,-1
5,1386,,Richie Martin Jr.,309,SS,-1,Orioles,-1
6,1387,23.2,Drew Gagnon,,P,-1,Mets,-1
7,1388,36,Jesus Tinoco,,P,-1,Rockies,-1
8,1389,,Welington Castillo,251,C/DH,-1,White Sox,-1
9,1390,,Ryan O'Hearn,370,1B,-1,Royals,-1
10,1391,,Tyler White,279,1B,-0.7,- - -,-1
11,1392,,Isiah Kiner-Falefa,222,C/3B,-1,Rangers,-1
12,1393,20.2,Craig Kimbrel,,P,-1,Cubs,-1
13,1394,,Miguel Andujar,49,3B/DH,-1,Yankees,-1
14,1395,84.1,Derek Holland,,P,-1,- - -,-1.1
15,1396,,Eduardo Nunez,174,2B,-1,Red Sox,-1.1
16,1397,67.2,Edwin Jackson,,P,-1.1,- - -,-1.1
17,1398,29.2,Jose Quijada,,P,-1.1,Marlins,-1.1
18,1399,47.2,Dan Straily,,P,-1.1,Orioles,-1.1
19,1400,,John Hicks,333,C/1B,-1.2,Tigers,-1.2
20,1401,,Yonder Alonso,335,1B/DH,-1.2,- - -,-1.2
21,1402,,Martin Prado,260,1B/3B,-1.2,Marlins,-1.2
22,1403,,Isan Diaz,201,2B,-1.2,Marlins,-1.2
23,1404,,Christin Stewart,416,LF,-1.2,Tigers,-1.2
24,1405,,Daniel Palka,93,RF,-1.3,White Sox,-1.3
25,1406,,Chris Davis,352,1B,-1.3,Orioles,-1.4
26,1407,,Curtis Granderson,363,LF,-1.4,Marlins,-1.4
27,1408,,Elias Diaz,332,C,-1.5,Pirates,-1.5
28,1409,,Lewis Brinson,248,CF,-1.7,Marlins,-1.7
29,1410,,Jeff Mathis,244,C,-2.1,Rangers,-2.2
0,1381,,Raimel Tapia,447,LF,-0.9,Rockies,-0.9
1,1382,,Meibrys Viloria,148,C,-0.9,Royals,-0.9
2,1383,,Nick Williams,112,LF,-0.9,Phillies,-0.9
3,1384,,Khris Davis,533,DH,-1,Athletics,-1
4,1385,,Lucas Duda,119,1B/DH,-1,Royals,-1
5,1386,,Richie Martin Jr.,309,SS,-1,Orioles,-1
6,1387,23.2,Drew Gagnon,,P,-1,Mets,-1
7,1388,36,Jesus Tinoco,,P,-1,Rockies,-1
8,1389,,Welington Castillo,251,C/DH,-1,White Sox,-1
9,1390,,Ryan O'Hearn,370,1B,-1,Royals,-1
10,1391,,Tyler White,279,1B,-0.7,- - -,-1
11,1392,,Isiah Kiner-Falefa,222,C/3B,-1,Rangers,-1
12,1393,20.2,Craig Kimbrel,,P,-1,Cubs,-1
13,1394,,Miguel Andujar,49,3B/DH,-1,Yankees,-1
14,1395,84.1,Derek Holland,,P,-1,- - -,-1.1
15,1396,,Eduardo Nunez,174,2B,-1,Red Sox,-1.1
16,1397,67.2,Edwin Jackson,,P,-1.1,- - -,-1.1
17,1398,29.2,Jose Quijada,,P,-1.1,Marlins,-1.1
18,1399,47.2,Dan Straily,,P,-1.1,Orioles,-1.1
19,1400,,John Hicks,333,C/1B,-1.2,Tigers,-1.2
20,1401,,Yonder Alonso,335,1B/DH,-1.2,- - -,-1.2
21,1402,,Martin Prado,260,1B/3B,-1.2,Marlins,-1.2
22,1403,,Isan Diaz,201,2B,-1.2,Marlins,-1.2
23,1404,,Christin Stewart,416,LF,-1.2,Tigers,-1.2
24,1405,,Daniel Palka,93,RF,-1.3,White Sox,-1.3
25,1406,,Chris Davis,352,1B,-1.3,Orioles,-1.4
26,1407,,Curtis Granderson,363,LF,-1.4,Marlins,-1.4
27,1408,,Elias Diaz,332,C,-1.5,Pirates,-1.5
28,1409,,Lewis Brinson,248,CF,-1.7,Marlins,-1.7
29,1410,,Jeff Mathis,244,C,-2.1,Rangers,-2.2
